May 26, 2026   15:31:05
Probe Approach Curve
File: c:\users\secm-account\desktop\data\katarina\20260526\pacs_au _1.txt
Data Source:  Experiment
Instrument Model:  CHI920D
Header: 
Note: 

Probe E (V) = 0.45
Sensitivity (A/V) = 1e-9
End Current Ratio (%) = 25
Max Incr (um) = 1
Withdraw Dist (um) = 50
Quiet Time (sec) = 2

Distance/um, Current/A

-49.100, -2.624e-9
-48.100, -2.601e-9
-47.100, -2.589e-9
-46.100, -2.575e-9
-45.100, -2.563e-9
-44.100, -2.549e-9
-43.100, -2.538e-9
-42.100, -2.526e-9
-41.100, -2.514e-9
-40.100, -2.504e-9
-39.100, -2.492e-9
-38.100, -2.482e-9
-37.100, -2.472e-9
-36.100, -2.463e-9
-35.100, -2.455e-9
-34.100, -2.445e-9
-33.100, -2.438e-9
-32.100, -2.429e-9
-31.100, -2.420e-9
-30.100, -2.413e-9
-29.100, -2.404e-9
-28.100, -2.396e-9
-27.100, -2.390e-9
-26.100, -2.382e-9
-25.100, -2.377e-9
-24.100, -2.370e-9
-23.100, -2.363e-9
-22.100, -2.358e-9
-21.100, -2.350e-9
-20.100, -2.345e-9
-19.100, -2.339e-9
-18.100, -2.332e-9
-17.100, -2.328e-9
-16.100, -2.321e-9
-15.100, -2.314e-9
-14.100, -2.309e-9
-13.100, -2.302e-9
-12.100, -2.299e-9
-11.100, -2.293e-9
-10.100, -2.289e-9
-9.100, -2.286e-9
-8.100, -2.280e-9
-7.100, -2.277e-9
-6.100, -2.272e-9
-5.100, -2.268e-9
-4.100, -2.264e-9
-3.100, -2.260e-9
-2.100, -2.257e-9
-1.100, -2.252e-9
-0.100, -2.248e-9
0.900, -2.246e-9
1.900, -2.242e-9
2.900, -2.239e-9
3.900, -2.235e-9
4.900, -2.231e-9
5.900, -2.228e-9
6.900, -2.225e-9
7.900, -2.222e-9
8.900, -2.220e-9
9.900, -2.216e-9
10.900, -2.214e-9
11.900, -2.210e-9
12.900, -2.208e-9
13.900, -2.206e-9
14.900, -2.201e-9
15.900, -2.199e-9
16.900, -2.197e-9
17.900, -2.193e-9
18.900, -2.192e-9
19.900, -2.188e-9
20.900, -2.186e-9
21.900, -2.183e-9
22.900, -2.180e-9
23.900, -2.179e-9
24.900, -2.175e-9
25.900, -2.174e-9
26.900, -2.171e-9
27.900, -2.169e-9
28.900, -2.168e-9
29.900, -2.165e-9
30.900, -2.163e-9
31.900, -2.161e-9
32.900, -2.158e-9
33.900, -2.157e-9
34.900, -2.154e-9
35.900, -2.153e-9
36.900, -2.151e-9
37.900, -2.148e-9
38.900, -2.147e-9
39.900, -2.144e-9
40.900, -2.143e-9
41.900, -2.142e-9
42.900, -2.139e-9
43.900, -2.139e-9
44.900, -2.137e-9
45.900, -2.134e-9
46.900, -2.133e-9
47.900, -2.130e-9
48.900, -2.129e-9
49.900, -2.128e-9
50.900, -2.125e-9
51.900, -2.125e-9
52.900, -2.123e-9
53.900, -2.121e-9
54.900, -2.120e-9
55.900, -2.118e-9
56.900, -2.116e-9
57.900, -2.116e-9
58.900, -2.113e-9
59.900, -2.113e-9
60.900, -2.111e-9
61.900, -2.109e-9
62.900, -2.109e-9
63.900, -2.107e-9
64.900, -2.106e-9
65.900, -2.105e-9
66.900, -2.102e-9
67.900, -2.103e-9
68.900, -2.100e-9
69.900, -2.099e-9
70.900, -2.098e-9
71.900, -2.096e-9
72.900, -2.096e-9
73.900, -2.094e-9
74.900, -2.093e-9
75.900, -2.092e-9
76.900, -2.089e-9
77.900, -2.089e-9
78.900, -2.088e-9
79.900, -2.087e-9
80.900, -2.087e-9
81.900, -2.084e-9
82.900, -2.085e-9
83.900, -2.083e-9
84.900, -2.081e-9
85.900, -2.081e-9
86.900, -2.080e-9
87.900, -2.080e-9
88.900, -2.078e-9
89.900, -2.076e-9
90.900, -2.076e-9
91.900, -2.074e-9
92.900, -2.073e-9
93.900, -2.073e-9
94.900, -2.071e-9
95.900, -2.071e-9
96.900, -2.069e-9
97.900, -2.069e-9
98.900, -2.068e-9
99.900, -2.066e-9
100.900, -2.066e-9
101.900, -2.064e-9
102.900, -2.063e-9
103.900, -2.063e-9
104.900, -2.062e-9
105.900, -2.062e-9
106.900, -2.061e-9
107.900, -2.059e-9
108.900, -2.060e-9
109.900, -2.058e-9
110.900, -2.058e-9
111.900, -2.057e-9
112.900, -2.055e-9
113.900, -2.055e-9
114.900, -2.054e-9
115.900, -2.053e-9
116.900, -2.053e-9
117.900, -2.051e-9
118.900, -2.052e-9
119.900, -2.050e-9
120.900, -2.050e-9
121.900, -2.050e-9
122.900, -2.048e-9
123.900, -2.049e-9
124.900, -2.047e-9
125.900, -2.046e-9
126.900, -2.046e-9
127.900, -2.043e-9
128.900, -2.043e-9
129.900, -2.042e-9
130.900, -2.041e-9
131.900, -2.042e-9
132.900, -2.040e-9
133.900, -2.040e-9
134.900, -2.040e-9
135.900, -2.038e-9
136.900, -2.038e-9
137.900, -2.037e-9
138.900, -2.036e-9
139.900, -2.036e-9
140.900, -2.034e-9
141.900, -2.035e-9
142.900, -2.034e-9
143.900, -2.033e-9
144.900, -2.033e-9
145.900, -2.031e-9
146.900, -2.031e-9
147.900, -2.031e-9
148.900, -2.029e-9
149.900, -2.030e-9
150.900, -2.028e-9
151.900, -2.029e-9
152.900, -2.028e-9
153.900, -2.026e-9
154.900, -2.027e-9
155.900, -2.025e-9
156.900, -2.025e-9
157.900, -2.025e-9
158.900, -2.024e-9
159.900, -2.025e-9
160.900, -2.023e-9
161.900, -2.023e-9
162.900, -2.023e-9
163.900, -2.021e-9
164.900, -2.022e-9
165.900, -2.020e-9
166.900, -2.020e-9
167.900, -2.020e-9
168.900, -2.018e-9
169.900, -2.019e-9
170.900, -2.017e-9
171.900, -2.017e-9
172.900, -2.017e-9
173.900, -2.015e-9
174.900, -2.016e-9
175.900, -2.016e-9
176.900, -2.015e-9
177.900, -2.015e-9
178.900, -2.014e-9
179.900, -2.014e-9
180.900, -2.013e-9
181.900, -2.012e-9
182.900, -2.013e-9
183.900, -2.011e-9
184.900, -2.011e-9
185.900, -2.011e-9
186.900, -2.010e-9
187.900, -2.010e-9
188.900, -2.009e-9
189.900, -2.010e-9
190.900, -2.009e-9
191.900, -2.007e-9
192.900, -2.008e-9
193.900, -2.006e-9
194.900, -2.006e-9
195.900, -2.006e-9
196.900, -2.004e-9
197.900, -2.005e-9
198.900, -2.004e-9
199.900, -2.004e-9
200.900, -2.004e-9
201.900, -2.003e-9
202.900, -2.001e-9
203.900, -2.002e-9
204.900, -2.001e-9
205.900, -2.001e-9
206.900, -2.001e-9
207.900, -2.000e-9
208.900, -2.000e-9
209.900, -1.999e-9
210.900, -1.999e-9
211.900, -1.999e-9
212.900, -1.998e-9
213.900, -1.998e-9
214.900, -1.998e-9
215.900, -1.998e-9
216.900, -1.998e-9
217.900, -1.998e-9
218.900, -1.997e-9
219.900, -1.997e-9
220.900, -1.995e-9
221.900, -1.996e-9
222.900, -1.994e-9
223.900, -1.994e-9
224.900, -1.994e-9
225.900, -1.992e-9
226.900, -1.993e-9
227.900, -1.992e-9
228.900, -1.991e-9
229.900, -1.992e-9
230.900, -1.990e-9
231.900, -1.991e-9
232.900, -1.990e-9
233.900, -1.989e-9
234.900, -1.990e-9
235.900, -1.989e-9
236.900, -1.989e-9
237.900, -1.989e-9
238.900, -1.988e-9
239.900, -1.988e-9
240.900, -1.987e-9
241.900, -1.987e-9
242.900, -1.986e-9
243.900, -1.985e-9
244.900, -1.986e-9
245.900, -1.985e-9
246.900, -1.985e-9
247.900, -1.986e-9
248.900, -1.984e-9
249.900, -1.985e-9
250.900, -1.984e-9
251.900, -1.983e-9
252.900, -1.983e-9
253.900, -1.982e-9
254.900, -1.983e-9
255.900, -1.982e-9
256.900, -1.982e-9
257.900, -1.982e-9
258.900, -1.981e-9
259.900, -1.981e-9
260.900, -1.981e-9
261.900, -1.980e-9
262.900, -1.981e-9
263.900, -1.979e-9
264.900, -1.979e-9
265.900, -1.979e-9
266.900, -1.977e-9
267.900, -1.978e-9
268.900, -1.977e-9
269.900, -1.977e-9
270.900, -1.978e-9
271.900, -1.976e-9
272.900, -1.977e-9
273.900, -1.976e-9
274.900, -1.975e-9
275.900, -1.976e-9
276.900, -1.975e-9
277.900, -1.976e-9
278.900, -1.975e-9
279.900, -1.974e-9
280.900, -1.975e-9
281.900, -1.974e-9
282.900, -1.975e-9
283.900, -1.975e-9
284.900, -1.973e-9
285.900, -1.974e-9
286.900, -1.972e-9
287.900, -1.973e-9
288.900, -1.972e-9
289.900, -1.971e-9
290.900, -1.973e-9
291.900, -1.971e-9
292.900, -1.972e-9
293.900, -1.972e-9
294.900, -1.970e-9
295.900, -1.971e-9
296.900, -1.970e-9
297.900, -1.970e-9
298.900, -1.971e-9
299.900, -1.969e-9
300.900, -1.970e-9
301.900, -1.970e-9
302.900, -1.969e-9
303.900, -1.970e-9
304.900, -1.968e-9
305.900, -1.969e-9
306.900, -1.969e-9
307.900, -1.968e-9
308.900, -1.969e-9
309.900, -1.967e-9
310.900, -1.968e-9
311.900, -1.968e-9
312.900, -1.966e-9
313.900, -1.967e-9
314.900, -1.966e-9
315.900, -1.966e-9
316.900, -1.966e-9
317.900, -1.965e-9
318.900, -1.967e-9
319.900, -1.967e-9
320.900, -1.966e-9
321.900, -1.966e-9
322.900, -1.963e-9
323.900, -1.964e-9
324.900, -1.963e-9
325.900, -1.963e-9
326.900, -1.963e-9
327.900, -1.962e-9
328.900, -1.962e-9
329.900, -1.962e-9
330.900, -1.961e-9
331.900, -1.963e-9
332.900, -1.960e-9
333.900, -1.961e-9
334.900, -1.961e-9
335.900, -1.960e-9
336.900, -1.961e-9
337.900, -1.959e-9
338.900, -1.960e-9
339.900, -1.960e-9
340.900, -1.959e-9
341.900, -1.960e-9
342.900, -1.960e-9
343.900, -1.960e-9
344.900, -1.960e-9
345.900, -1.959e-9
346.900, -1.960e-9
347.900, -1.959e-9
348.900, -1.959e-9
349.900, -1.960e-9
350.900, -1.958e-9
351.900, -1.959e-9
352.900, -1.958e-9
353.900, -1.958e-9
354.900, -1.959e-9
355.900, -1.958e-9
356.900, -1.959e-9
357.900, -1.958e-9
358.900, -1.957e-9
359.900, -1.958e-9
360.900, -1.957e-9
361.900, -1.957e-9
362.900, -1.957e-9
363.900, -1.956e-9
364.900, -1.957e-9
365.900, -1.956e-9
366.900, -1.956e-9
367.900, -1.957e-9
368.900, -1.956e-9
369.900, -1.957e-9
370.900, -1.956e-9
371.900, -1.955e-9
372.900, -1.956e-9
373.900, -1.955e-9
374.900, -1.956e-9
375.900, -1.956e-9
376.900, -1.955e-9
377.900, -1.957e-9
378.900, -1.956e-9
379.900, -1.956e-9
380.900, -1.955e-9
381.900, -1.954e-9
382.900, -1.955e-9
383.900, -1.953e-9
384.900, -1.953e-9
385.900, -1.953e-9
386.900, -1.952e-9
387.900, -1.953e-9
388.900, -1.952e-9
389.900, -1.952e-9
390.900, -1.952e-9
391.900, -1.951e-9
392.900, -1.952e-9
393.900, -1.951e-9
394.900, -1.950e-9
395.900, -1.951e-9
396.900, -1.950e-9
397.900, -1.952e-9
398.900, -1.951e-9
399.900, -1.950e-9
400.900, -1.950e-9
401.900, -1.949e-9
402.900, -1.948e-9
403.900, -1.949e-9
404.900, -1.949e-9
405.900, -1.948e-9
406.900, -1.949e-9
407.900, -1.948e-9
408.900, -1.948e-9
409.900, -1.949e-9
410.900, -1.947e-9
411.900, -1.948e-9
412.900, -1.947e-9
413.900, -1.946e-9
414.900, -1.947e-9
415.900, -1.946e-9
416.900, -1.947e-9
417.900, -1.946e-9
418.900, -1.946e-9
419.900, -1.947e-9
420.900, -1.945e-9
421.900, -1.947e-9
422.900, -1.946e-9
423.900, -1.946e-9
424.900, -1.946e-9
425.900, -1.945e-9
426.900, -1.945e-9
427.900, -1.945e-9
428.900, -1.945e-9
429.900, -1.946e-9
430.900, -1.945e-9
431.900, -1.945e-9
432.900, -1.945e-9
433.900, -1.944e-9
434.900, -1.945e-9
435.900, -1.944e-9
436.900, -1.943e-9
437.900, -1.944e-9
438.900, -1.942e-9
439.900, -1.944e-9
440.900, -1.943e-9
441.900, -1.943e-9
442.900, -1.943e-9
443.900, -1.942e-9
444.900, -1.943e-9
445.900, -1.942e-9
446.900, -1.941e-9
447.900, -1.942e-9
448.900, -1.941e-9
449.900, -1.941e-9
450.900, -1.941e-9
451.900, -1.940e-9
452.900, -1.941e-9
453.900, -1.940e-9
454.900, -1.940e-9
455.900, -1.940e-9
456.900, -1.939e-9
457.900, -1.940e-9
458.900, -1.939e-9
459.900, -1.939e-9
460.900, -1.940e-9
461.900, -1.939e-9
462.900, -1.940e-9
463.900, -1.939e-9
464.900, -1.938e-9
465.900, -1.940e-9
466.900, -1.938e-9
467.900, -1.939e-9
468.900, -1.939e-9
469.900, -1.938e-9
470.900, -1.938e-9
471.900, -1.937e-9
472.900, -1.937e-9
473.900, -1.937e-9
474.900, -1.936e-9
475.900, -1.936e-9
476.900, -1.936e-9
477.900, -1.937e-9
478.900, -1.937e-9
479.900, -1.936e-9
480.900, -1.937e-9
481.900, -1.936e-9
482.900, -1.935e-9
483.900, -1.935e-9
484.900, -1.934e-9
485.900, -1.935e-9
486.900, -1.935e-9
487.900, -1.934e-9
488.900, -1.935e-9
489.900, -1.933e-9
490.900, -1.934e-9
491.900, -1.934e-9
492.900, -1.933e-9
493.900, -1.934e-9
494.900, -1.933e-9
495.900, -1.933e-9
496.900, -1.933e-9
497.900, -1.932e-9
498.900, -1.933e-9
499.900, -1.932e-9
500.900, -1.933e-9
501.900, -1.933e-9
502.900, -1.932e-9
503.900, -1.933e-9
504.900, -1.932e-9
505.900, -1.932e-9
506.900, -1.933e-9
507.900, -1.931e-9
508.900, -1.931e-9
509.900, -1.931e-9
510.900, -1.931e-9
511.900, -1.932e-9
512.900, -1.930e-9
513.900, -1.931e-9
514.900, -1.931e-9
515.900, -1.929e-9
516.900, -1.930e-9
517.900, -1.929e-9
518.900, -1.929e-9
519.900, -1.930e-9
520.900, -1.929e-9
521.900, -1.929e-9
522.900, -1.929e-9
523.900, -1.929e-9
524.900, -1.929e-9
525.900, -1.928e-9
526.900, -1.929e-9
527.900, -1.928e-9
528.900, -1.928e-9
529.900, -1.930e-9
530.900, -1.928e-9
531.900, -1.929e-9
532.900, -1.928e-9
533.900, -1.928e-9
534.900, -1.929e-9
535.900, -1.927e-9
536.900, -1.928e-9
537.900, -1.928e-9
538.900, -1.927e-9
539.900, -1.928e-9
540.900, -1.927e-9
541.900, -1.927e-9
542.900, -1.927e-9
543.900, -1.926e-9
544.900, -1.927e-9
545.900, -1.926e-9
546.900, -1.927e-9
547.900, -1.927e-9
548.900, -1.926e-9
549.900, -1.927e-9
550.900, -1.926e-9
551.900, -1.926e-9
552.900, -1.926e-9
553.900, -1.925e-9
554.900, -1.926e-9
555.900, -1.926e-9
556.900, -1.925e-9
557.900, -1.925e-9
558.900, -1.924e-9
559.900, -1.925e-9
560.900, -1.924e-9
561.900, -1.923e-9
562.900, -1.924e-9
563.900, -1.923e-9
564.900, -1.924e-9
565.900, -1.924e-9
566.900, -1.923e-9
567.900, -1.924e-9
568.900, -1.923e-9
569.900, -1.923e-9
570.900, -1.923e-9
571.900, -1.922e-9
572.900, -1.923e-9
573.900, -1.922e-9
574.900, -1.923e-9
575.900, -1.924e-9
576.900, -1.923e-9
577.900, -1.924e-9
578.900, -1.923e-9
579.900, -1.922e-9
580.900, -1.923e-9
581.900, -1.922e-9
582.900, -1.922e-9
583.900, -1.921e-9
584.900, -1.920e-9
585.900, -1.921e-9
586.900, -1.920e-9
587.900, -1.921e-9
588.900, -1.921e-9
589.900, -1.920e-9
590.900, -1.921e-9
591.900, -1.920e-9
592.900, -1.920e-9
593.900, -1.920e-9
594.900, -1.919e-9
595.900, -1.921e-9
596.900, -1.919e-9
597.900, -1.920e-9
598.900, -1.920e-9
599.900, -1.919e-9
600.900, -1.921e-9
601.900, -1.919e-9
602.900, -1.919e-9
603.900, -1.919e-9
604.900, -1.918e-9
605.900, -1.919e-9
606.900, -1.918e-9
607.900, -1.919e-9
608.900, -1.919e-9
609.900, -1.918e-9
610.900, -1.919e-9
611.900, -1.918e-9
612.900, -1.917e-9
613.900, -1.917e-9
614.900, -1.916e-9
615.900, -1.918e-9
616.900, -1.917e-9
617.900, -1.916e-9
618.900, -1.917e-9
619.900, -1.916e-9
620.900, -1.917e-9
621.900, -1.917e-9
622.900, -1.916e-9
623.900, -1.917e-9
624.900, -1.916e-9
625.900, -1.916e-9
626.900, -1.916e-9
627.900, -1.915e-9
628.900, -1.916e-9
629.900, -1.915e-9
630.900, -1.915e-9
631.900, -1.916e-9
632.900, -1.914e-9
633.900, -1.915e-9
634.900, -1.915e-9
635.900, -1.915e-9
636.900, -1.915e-9
637.900, -1.914e-9
638.900, -1.914e-9
639.900, -1.913e-9
640.900, -1.913e-9
641.900, -1.915e-9
642.900, -1.913e-9
643.900, -1.914e-9
644.900, -1.914e-9
645.900, -1.913e-9
646.900, -1.914e-9
647.900, -1.913e-9
648.900, -1.914e-9
649.900, -1.914e-9
650.900, -1.912e-9
651.900, -1.914e-9
652.900, -1.913e-9
653.900, -1.913e-9
654.900, -1.913e-9
655.900, -1.912e-9
656.900, -1.913e-9
657.900, -1.913e-9
658.900, -1.913e-9
659.900, -1.913e-9
660.900, -1.913e-9
661.900, -1.914e-9
662.900, -1.914e-9
663.900, -1.913e-9
664.900, -1.914e-9
665.900, -1.912e-9
666.900, -1.913e-9
667.900, -1.913e-9
668.900, -1.912e-9
669.900, -1.913e-9
670.900, -1.912e-9
671.900, -1.912e-9
672.900, -1.913e-9
673.900, -1.912e-9
674.900, -1.913e-9
675.900, -1.912e-9
676.900, -1.911e-9
677.900, -1.912e-9
678.900, -1.910e-9
679.900, -1.911e-9
680.900, -1.911e-9
681.900, -1.911e-9
682.900, -1.911e-9
683.900, -1.909e-9
684.900, -1.910e-9
685.900, -1.910e-9
686.900, -1.909e-9
687.900, -1.910e-9
688.900, -1.909e-9
689.900, -1.909e-9
690.900, -1.910e-9
691.900, -1.908e-9
692.900, -1.909e-9
693.900, -1.909e-9
694.900, -1.909e-9
695.900, -1.909e-9
696.900, -1.908e-9
697.900, -1.909e-9
698.900, -1.908e-9
699.900, -1.908e-9
700.900, -1.909e-9
701.900, -1.907e-9
702.900, -1.908e-9
703.900, -1.908e-9
704.900, -1.908e-9
705.900, -1.909e-9
706.900, -1.907e-9
707.900, -1.908e-9
708.900, -1.908e-9
709.900, -1.907e-9
710.900, -1.908e-9
711.900, -1.907e-9
712.900, -1.908e-9
713.900, -1.907e-9
714.900, -1.907e-9
715.900, -1.908e-9
716.900, -1.907e-9
717.900, -1.908e-9
718.900, -1.907e-9
719.900, -1.906e-9
720.900, -1.907e-9
721.900, -1.906e-9
722.900, -1.907e-9
723.900, -1.907e-9
724.900, -1.906e-9
725.900, -1.907e-9
726.900, -1.906e-9
727.900, -1.906e-9
728.900, -1.906e-9
729.900, -1.905e-9
730.900, -1.906e-9
731.900, -1.905e-9
732.900, -1.905e-9
733.900, -1.905e-9
734.900, -1.904e-9
735.900, -1.905e-9
736.900, -1.904e-9
737.900, -1.905e-9
738.900, -1.906e-9
739.900, -1.905e-9
740.900, -1.907e-9
741.900, -1.906e-9
742.900, -1.906e-9
743.900, -1.906e-9
744.900, -1.906e-9
745.900, -1.907e-9
746.900, -1.907e-9
747.900, -1.907e-9
748.900, -1.908e-9
749.900, -1.907e-9
750.900, -1.908e-9
751.900, -1.909e-9
752.900, -1.908e-9
753.900, -1.910e-9
754.900, -1.909e-9
755.900, -1.910e-9
756.900, -1.910e-9
757.900, -1.909e-9
758.900, -1.910e-9
759.900, -1.909e-9
760.900, -1.909e-9
761.900, -1.909e-9
762.900, -1.908e-9
763.900, -1.909e-9
764.900, -1.909e-9
765.900, -1.908e-9
766.900, -1.910e-9
767.900, -1.908e-9
768.900, -1.909e-9
769.900, -1.909e-9
770.900, -1.908e-9
771.900, -1.909e-9
772.900, -1.908e-9
773.900, -1.908e-9
774.900, -1.908e-9
775.900, -1.908e-9
776.900, -1.909e-9
777.900, -1.908e-9
778.900, -1.909e-9
779.900, -1.908e-9
780.900, -1.907e-9
781.900, -1.908e-9
782.900, -1.907e-9
783.900, -1.907e-9
784.900, -1.908e-9
785.900, -1.906e-9
786.900, -1.907e-9
787.900, -1.905e-9
788.900, -1.906e-9
789.900, -1.906e-9
790.900, -1.904e-9
791.900, -1.906e-9
792.900, -1.904e-9
793.900, -1.904e-9
794.900, -1.904e-9
795.900, -1.903e-9
796.900, -1.904e-9
797.900, -1.904e-9
798.900, -1.903e-9
799.900, -1.904e-9
800.900, -1.903e-9
801.900, -1.903e-9
802.900, -1.904e-9
803.900, -1.903e-9
804.900, -1.903e-9
805.900, -1.904e-9
806.900, -1.903e-9
807.900, -1.904e-9
808.900, -1.904e-9
809.900, -1.903e-9
810.900, -1.904e-9
811.900, -1.903e-9
812.900, -1.903e-9
813.900, -1.903e-9
814.900, -1.902e-9
815.900, -1.903e-9
816.900, -1.902e-9
817.900, -1.903e-9
818.900, -1.903e-9
819.900, -1.902e-9
820.900, -1.904e-9
821.900, -1.903e-9
822.900, -1.903e-9
823.900, -1.903e-9
824.900, -1.902e-9
825.900, -1.903e-9
826.900, -1.902e-9
827.900, -1.902e-9
828.900, -1.902e-9
829.900, -1.901e-9
830.900, -1.901e-9
831.900, -1.900e-9
832.900, -1.900e-9
833.900, -1.901e-9
834.900, -1.900e-9
835.900, -1.900e-9
836.900, -1.900e-9
837.900, -1.899e-9
838.900, -1.900e-9
839.900, -1.899e-9
840.900, -1.900e-9
841.900, -1.900e-9
842.900, -1.899e-9
843.900, -1.900e-9
844.900, -1.899e-9
845.900, -1.900e-9
846.900, -1.900e-9
847.900, -1.899e-9
848.900, -1.900e-9
849.900, -1.899e-9
850.900, -1.899e-9
851.900, -1.899e-9
852.900, -1.899e-9
853.900, -1.900e-9
854.900, -1.899e-9
855.900, -1.899e-9
856.900, -1.899e-9
857.900, -1.898e-9
858.900, -1.900e-9
859.900, -1.899e-9
860.900, -1.899e-9
861.900, -1.900e-9
862.900, -1.899e-9
863.900, -1.899e-9
864.900, -1.899e-9
865.900, -1.899e-9
866.900, -1.899e-9
867.900, -1.897e-9
868.900, -1.898e-9
869.900, -1.898e-9
870.900, -1.897e-9
871.900, -1.898e-9
872.900, -1.897e-9
873.900, -1.898e-9
874.900, -1.898e-9
875.900, -1.898e-9
876.900, -1.899e-9
877.900, -1.898e-9
878.900, -1.898e-9
879.900, -1.898e-9
880.900, -1.897e-9
881.900, -1.898e-9
882.900, -1.897e-9
883.900, -1.897e-9
884.900, -1.897e-9
885.900, -1.897e-9
886.900, -1.898e-9
887.900, -1.897e-9
888.900, -1.897e-9
889.900, -1.898e-9
890.900, -1.897e-9
891.900, -1.898e-9
892.900, -1.897e-9
893.900, -1.897e-9
894.900, -1.898e-9
895.900, -1.896e-9
896.900, -1.897e-9
897.900, -1.897e-9
898.900, -1.896e-9
899.900, -1.898e-9
900.900, -1.897e-9
901.900, -1.898e-9
902.900, -1.898e-9
903.900, -1.896e-9
904.900, -1.897e-9
905.900, -1.896e-9
906.900, -1.896e-9
907.900, -1.897e-9
908.900, -1.895e-9
909.900, -1.896e-9
910.900, -1.896e-9
911.900, -1.896e-9
912.900, -1.897e-9
913.900, -1.895e-9
914.900, -1.896e-9
915.900, -1.896e-9
916.900, -1.895e-9
917.900, -1.897e-9
918.900, -1.896e-9
919.900, -1.897e-9
920.900, -1.896e-9
921.900, -1.896e-9
922.900, -1.896e-9
923.900, -1.895e-9
924.900, -1.895e-9
925.900, -1.895e-9
926.900, -1.894e-9
927.900, -1.895e-9
928.900, -1.894e-9
929.900, -1.895e-9
930.900, -1.895e-9
931.900, -1.894e-9
932.900, -1.895e-9
933.900, -1.894e-9
934.900, -1.894e-9
935.900, -1.895e-9
936.900, -1.894e-9
937.900, -1.895e-9
938.900, -1.894e-9
939.900, -1.895e-9
940.900, -1.895e-9
941.900, -1.893e-9
942.900, -1.894e-9
943.900, -1.894e-9
944.900, -1.894e-9
945.900, -1.895e-9
946.900, -1.894e-9
947.900, -1.895e-9
948.900, -1.894e-9
949.900, -1.893e-9
950.900, -1.894e-9
951.900, -1.893e-9
952.900, -1.893e-9
953.900, -1.894e-9
954.900, -1.892e-9
955.900, -1.893e-9
956.900, -1.893e-9
957.900, -1.892e-9
958.900, -1.893e-9
959.900, -1.892e-9
960.900, -1.893e-9
961.900, -1.893e-9
962.900, -1.892e-9
963.900, -1.893e-9
964.900, -1.892e-9
965.900, -1.892e-9
966.900, -1.892e-9
967.900, -1.891e-9
968.900, -1.893e-9
969.900, -1.892e-9
970.900, -1.892e-9
971.900, -1.893e-9
972.900, -1.891e-9
973.900, -1.893e-9
974.900, -1.892e-9
975.900, -1.892e-9
976.900, -1.893e-9
977.900, -1.892e-9
978.900, -1.892e-9
979.900, -1.892e-9
980.900, -1.891e-9
981.900, -1.892e-9
982.900, -1.891e-9
983.900, -1.891e-9
984.900, -1.891e-9
985.900, -1.890e-9
986.900, -1.892e-9
987.900, -1.891e-9
988.900, -1.892e-9
989.900, -1.892e-9
990.900, -1.891e-9
991.900, -1.892e-9
992.900, -1.891e-9
993.900, -1.891e-9
994.900, -1.892e-9
995.900, -1.891e-9
996.900, -1.891e-9
997.900, -1.890e-9
998.900, -1.890e-9
999.900, -1.891e-9
1000.900, -1.889e-9
1001.900, -1.890e-9
1002.900, -1.890e-9
1003.900, -1.890e-9
1004.900, -1.891e-9
1005.900, -1.890e-9
1006.900, -1.891e-9
1007.900, -1.891e-9
1008.900, -1.890e-9
1009.900, -1.891e-9
1010.900, -1.890e-9
1011.900, -1.889e-9
1012.900, -1.890e-9
1013.900, -1.889e-9
1014.900, -1.890e-9
1015.900, -1.890e-9
1016.900, -1.889e-9
1017.900, -1.890e-9
1018.900, -1.889e-9
1019.900, -1.890e-9
1020.900, -1.890e-9
1021.900, -1.889e-9
1022.900, -1.890e-9
1023.900, -1.889e-9
1024.900, -1.889e-9
1025.900, -1.889e-9
1026.900, -1.888e-9
1027.900, -1.889e-9
1028.900, -1.888e-9
1029.900, -1.889e-9
1030.900, -1.889e-9
1031.900, -1.888e-9
1032.900, -1.890e-9
1033.900, -1.888e-9
1034.900, -1.889e-9
1035.900, -1.889e-9
1036.900, -1.888e-9
1037.900, -1.889e-9
1038.900, -1.888e-9
1039.900, -1.888e-9
1040.900, -1.888e-9
1041.900, -1.887e-9
1042.900, -1.888e-9
1043.900, -1.887e-9
1044.900, -1.887e-9
1045.900, -1.888e-9
1046.900, -1.887e-9
1047.900, -1.888e-9
1048.900, -1.887e-9
1049.900, -1.887e-9
1050.900, -1.887e-9
1051.900, -1.886e-9
1052.900, -1.886e-9
1053.900, -1.886e-9
1054.900, -1.886e-9
1055.900, -1.886e-9
1056.900, -1.886e-9
1057.900, -1.886e-9
1058.900, -1.886e-9
1059.900, -1.885e-9
1060.900, -1.886e-9
1061.900, -1.886e-9
1062.900, -1.885e-9
1063.900, -1.886e-9
1064.900, -1.884e-9
1065.900, -1.886e-9
1066.900, -1.885e-9
1067.900, -1.885e-9
1068.900, -1.885e-9
1069.900, -1.884e-9
1070.900, -1.885e-9
1071.900, -1.884e-9
1072.900, -1.884e-9
1073.900, -1.885e-9
1074.900, -1.884e-9
1075.900, -1.884e-9
1076.900, -1.884e-9
1077.900, -1.883e-9
1078.900, -1.884e-9
1079.900, -1.883e-9
1080.900, -1.884e-9
1081.900, -1.884e-9
1082.900, -1.883e-9
1083.900, -1.884e-9
1084.900, -1.883e-9
1085.900, -1.883e-9
1086.900, -1.883e-9
1087.900, -1.882e-9
1088.900, -1.884e-9
1089.900, -1.883e-9
1090.900, -1.882e-9
1091.900, -1.883e-9
1092.900, -1.882e-9
1093.900, -1.883e-9
1094.900, -1.883e-9
1095.900, -1.882e-9
1096.900, -1.883e-9
1097.900, -1.882e-9
1098.900, -1.883e-9
1099.900, -1.883e-9
1100.900, -1.882e-9
1101.900, -1.883e-9
1102.900, -1.881e-9
1103.900, -1.882e-9
1104.900, -1.882e-9
1105.900, -1.881e-9
1106.900, -1.883e-9
1107.900, -1.882e-9
1108.900, -1.882e-9
1109.900, -1.883e-9
1110.900, -1.881e-9
1111.900, -1.882e-9
1112.900, -1.881e-9
1113.900, -1.882e-9
1114.900, -1.882e-9
1115.900, -1.881e-9
1116.900, -1.882e-9
1117.900, -1.881e-9
1118.900, -1.881e-9
1119.900, -1.882e-9
1120.900, -1.881e-9
1121.900, -1.882e-9
1122.900, -1.881e-9
1123.900, -1.881e-9
1124.900, -1.882e-9
1125.900, -1.881e-9
1126.900, -1.882e-9
1127.900, -1.882e-9
1128.900, -1.882e-9
1129.900, -1.882e-9
1130.900, -1.881e-9
1131.900, -1.882e-9
1132.900, -1.881e-9
1133.900, -1.881e-9
1134.900, -1.882e-9
1135.900, -1.881e-9
1136.900, -1.882e-9
1137.900, -1.881e-9
1138.900, -1.881e-9
1139.900, -1.883e-9
1140.900, -1.882e-9
1141.900, -1.883e-9
1142.900, -1.883e-9
1143.900, -1.883e-9
1144.900, -1.885e-9
1145.900, -1.885e-9
1146.900, -1.886e-9
1147.900, -1.887e-9
1148.900, -1.886e-9
1149.900, -1.888e-9
1150.900, -1.887e-9
1151.900, -1.888e-9
1152.900, -1.889e-9
1153.900, -1.888e-9
1154.900, -1.889e-9
1155.900, -1.888e-9
1156.900, -1.888e-9
1157.900, -1.889e-9
1158.900, -1.888e-9
1159.900, -1.889e-9
1160.900, -1.889e-9
1161.900, -1.889e-9
1162.900, -1.890e-9
1163.900, -1.889e-9
1164.900, -1.890e-9
1165.900, -1.890e-9
1166.900, -1.890e-9
1167.900, -1.891e-9
1168.900, -1.890e-9
1169.900, -1.890e-9
1170.900, -1.891e-9
1171.900, -1.890e-9
1172.900, -1.891e-9
1173.900, -1.891e-9
1174.900, -1.890e-9
1175.900, -1.892e-9
1176.900, -1.891e-9
1177.900, -1.892e-9
1178.900, -1.892e-9
1179.900, -1.891e-9
1180.900, -1.892e-9
1181.900, -1.891e-9
1182.900, -1.892e-9
1183.900, -1.892e-9
1184.900, -1.891e-9
1185.900, -1.892e-9
1186.900, -1.891e-9
1187.900, -1.891e-9
1188.900, -1.892e-9
1189.900, -1.891e-9
1190.900, -1.892e-9
1191.900, -1.891e-9
1192.900, -1.891e-9
1193.900, -1.892e-9
1194.900, -1.890e-9
1195.900, -1.892e-9
1196.900, -1.891e-9
1197.900, -1.891e-9
1198.900, -1.892e-9
1199.900, -1.891e-9
1200.900, -1.892e-9
1201.900, -1.892e-9
1202.900, -1.892e-9
1203.900, -1.893e-9
1204.900, -1.892e-9
1205.900, -1.892e-9
1206.900, -1.892e-9
1207.900, -1.892e-9
1208.900, -1.893e-9
1209.900, -1.892e-9
1210.900, -1.893e-9
1211.900, -1.894e-9
1212.900, -1.893e-9
1213.900, -1.894e-9
1214.900, -1.893e-9
1215.900, -1.893e-9
1216.900, -1.894e-9
1217.900, -1.893e-9
1218.900, -1.893e-9
1219.900, -1.893e-9
1220.900, -1.893e-9
1221.900, -1.894e-9
1222.900, -1.892e-9
1223.900, -1.893e-9
1224.900, -1.893e-9
1225.900, -1.893e-9
1226.900, -1.894e-9
1227.900, -1.892e-9
1228.900, -1.893e-9
1229.900, -1.893e-9
1230.900, -1.893e-9
1231.900, -1.894e-9
1232.900, -1.893e-9
1233.900, -1.893e-9
1234.900, -1.894e-9
1235.900, -1.893e-9
1236.900, -1.894e-9
1237.900, -1.894e-9
1238.900, -1.895e-9
1239.900, -1.896e-9
1240.900, -1.894e-9
1241.900, -1.896e-9
1242.900, -1.896e-9
1243.900, -1.896e-9
1244.900, -1.897e-9
1245.900, -1.896e-9
1246.900, -1.897e-9
1247.900, -1.897e-9
1248.900, -1.896e-9
1249.900, -1.898e-9
1250.900, -1.897e-9
1251.900, -1.898e-9
1252.900, -1.898e-9
1253.900, -1.897e-9
1254.900, -1.898e-9
1255.900, -1.897e-9
1256.900, -1.897e-9
1257.900, -1.898e-9
1258.900, -1.897e-9
1259.900, -1.898e-9
1260.900, -1.897e-9
1261.900, -1.897e-9
1262.900, -1.898e-9
1263.900, -1.897e-9
1264.900, -1.898e-9
1265.900, -1.897e-9
1266.900, -1.898e-9
1267.900, -1.898e-9
1268.900, -1.897e-9
1269.900, -1.898e-9
1270.900, -1.897e-9
1271.900, -1.897e-9
1272.900, -1.899e-9
1273.900, -1.898e-9
1274.900, -1.899e-9
1275.900, -1.899e-9
1276.900, -1.898e-9
1277.900, -1.899e-9
1278.900, -1.898e-9
1279.900, -1.899e-9
1280.900, -1.899e-9
1281.900, -1.898e-9
1282.900, -1.899e-9
1283.900, -1.898e-9
1284.900, -1.898e-9
1285.900, -1.898e-9
1286.900, -1.897e-9
1287.900, -1.898e-9
1288.900, -1.897e-9
1289.900, -1.897e-9
1290.900, -1.898e-9
1291.900, -1.897e-9
1292.900, -1.898e-9
1293.900, -1.897e-9
1294.900, -1.897e-9
1295.900, -1.898e-9
1296.900, -1.897e-9
1297.900, -1.897e-9
1298.900, -1.897e-9
1299.900, -1.896e-9
1300.900, -1.898e-9
1301.900, -1.896e-9
1302.900, -1.897e-9
1303.900, -1.897e-9
1304.900, -1.896e-9
1305.900, -1.897e-9
1306.900, -1.897e-9
1307.900, -1.897e-9
1308.900, -1.897e-9
1309.900, -1.896e-9
1310.900, -1.897e-9
1311.900, -1.897e-9
1312.900, -1.896e-9
1313.900, -1.897e-9
1314.900, -1.896e-9
1315.900, -1.897e-9
1316.900, -1.897e-9
1317.900, -1.896e-9
1318.900, -1.897e-9
1319.900, -1.896e-9
1320.900, -1.897e-9
1321.900, -1.897e-9
1322.900, -1.896e-9
1323.900, -1.897e-9
1324.900, -1.895e-9
1325.900, -1.895e-9
1326.900, -1.896e-9
1327.900, -1.895e-9
1328.900, -1.896e-9
1329.900, -1.895e-9
1330.900, -1.895e-9
1331.900, -1.896e-9
1332.900, -1.894e-9
1333.900, -1.896e-9
1334.900, -1.895e-9
1335.900, -1.895e-9
1336.900, -1.896e-9
1337.900, -1.895e-9
1338.900, -1.896e-9
1339.900, -1.895e-9
1340.900, -1.895e-9
1341.900, -1.896e-9
1342.900, -1.895e-9
1343.900, -1.895e-9
1344.900, -1.895e-9
1345.900, -1.894e-9
1346.900, -1.895e-9
1347.900, -1.894e-9
1348.900, -1.894e-9
1349.900, -1.895e-9
1350.900, -1.893e-9
1351.900, -1.895e-9
1352.900, -1.894e-9
1353.900, -1.894e-9
1354.900, -1.894e-9
1355.900, -1.893e-9
1356.900, -1.895e-9
1357.900, -1.894e-9
1358.900, -1.894e-9
1359.900, -1.895e-9
1360.900, -1.893e-9
1361.900, -1.894e-9
1362.900, -1.895e-9
1363.900, -1.894e-9
1364.900, -1.895e-9
1365.900, -1.894e-9
1366.900, -1.895e-9
1367.900, -1.895e-9
1368.900, -1.894e-9
1369.900, -1.895e-9
1370.900, -1.894e-9
1371.900, -1.894e-9
1372.900, -1.895e-9
1373.900, -1.894e-9
1374.900, -1.895e-9
1375.900, -1.894e-9
1376.900, -1.894e-9
1377.900, -1.895e-9
1378.900, -1.893e-9
1379.900, -1.894e-9
1380.900, -1.894e-9
1381.900, -1.894e-9
1382.900, -1.895e-9
1383.900, -1.894e-9
1384.900, -1.895e-9
1385.900, -1.894e-9
1386.900, -1.894e-9
1387.900, -1.895e-9
1388.900, -1.893e-9
1389.900, -1.894e-9
1390.900, -1.894e-9
1391.900, -1.893e-9
1392.900, -1.894e-9
1393.900, -1.893e-9
1394.900, -1.893e-9
1395.900, -1.894e-9
1396.900, -1.893e-9
1397.900, -1.894e-9
1398.900, -1.893e-9
1399.900, -1.892e-9
1400.900, -1.893e-9
1401.900, -1.892e-9
1402.900, -1.893e-9
1403.900, -1.893e-9
1404.900, -1.892e-9
1405.900, -1.894e-9
1406.900, -1.893e-9
1407.900, -1.893e-9
1408.900, -1.893e-9
1409.900, -1.892e-9
1410.900, -1.893e-9
1411.900, -1.892e-9
1412.900, -1.892e-9
1413.900, -1.893e-9
1414.900, -1.892e-9
1415.900, -1.893e-9
1416.900, -1.892e-9
1417.900, -1.892e-9
1418.900, -1.893e-9
1419.900, -1.892e-9
1420.900, -1.893e-9
1421.900, -1.892e-9
1422.900, -1.892e-9
1423.900, -1.893e-9
1424.900, -1.892e-9
1425.900, -1.892e-9
1426.900, -1.892e-9
1427.900, -1.892e-9
1428.900, -1.893e-9
1429.900, -1.892e-9
1430.900, -1.892e-9
1431.900, -1.893e-9
1432.900, -1.892e-9
1433.900, -1.893e-9
1434.900, -1.892e-9
1435.900, -1.892e-9
1436.900, -1.893e-9
1437.900, -1.892e-9
1438.900, -1.892e-9
1439.900, -1.893e-9
1440.900, -1.891e-9
1441.900, -1.893e-9
1442.900, -1.892e-9
1443.900, -1.892e-9
1444.900, -1.893e-9
1445.900, -1.892e-9
1446.900, -1.893e-9
1447.900, -1.893e-9
1448.900, -1.892e-9
1449.900, -1.893e-9
1450.900, -1.892e-9
1451.900, -1.893e-9
1452.900, -1.893e-9
1453.900, -1.893e-9
1454.900, -1.894e-9
1455.900, -1.893e-9
1456.900, -1.894e-9
1457.900, -1.894e-9
1458.900, -1.894e-9
1459.900, -1.896e-9
1460.900, -1.895e-9
1461.900, -1.895e-9
1462.900, -1.895e-9
1463.900, -1.894e-9
1464.900, -1.895e-9
1465.900, -1.895e-9
1466.900, -1.895e-9
1467.900, -1.896e-9
1468.900, -1.895e-9
1469.900, -1.895e-9
1470.900, -1.895e-9
1471.900, -1.895e-9
1472.900, -1.896e-9
1473.900, -1.895e-9
1474.900, -1.897e-9
1475.900, -1.897e-9
1476.900, -1.896e-9
1477.900, -1.897e-9
1478.900, -1.896e-9
1479.900, -1.896e-9
1480.900, -1.897e-9
1481.900, -1.896e-9
1482.900, -1.897e-9
1483.900, -1.897e-9
1484.900, -1.897e-9
1485.900, -1.898e-9
1486.900, -1.897e-9
1487.900, -1.898e-9
1488.900, -1.898e-9
1489.900, -1.897e-9
1490.900, -1.898e-9
1491.900, -1.897e-9
1492.900, -1.898e-9
1493.900, -1.898e-9
1494.900, -1.897e-9
1495.900, -1.899e-9
1496.900, -1.898e-9
1497.900, -1.898e-9
1498.900, -1.899e-9
1499.900, -1.897e-9
1500.900, -1.899e-9
1501.900, -1.898e-9
1502.900, -1.898e-9
1503.900, -1.899e-9
1504.900, -1.899e-9
1505.900, -1.901e-9
1506.900, -1.901e-9
1507.900, -1.901e-9
1508.900, -1.903e-9
1509.900, -1.901e-9
1510.900, -1.900e-9
1511.900, -1.899e-9
1512.900, -1.902e-9
1513.900, -1.902e-9
1514.900, -1.900e-9
1515.900, -1.901e-9
1516.900, -1.902e-9
1517.900, -1.904e-9
1518.900, -1.904e-9
1519.900, -1.899e-9
1520.900, -1.900e-9
1521.900, -1.900e-9
1522.900, -1.897e-9
1523.900, -1.899e-9
1524.900, -1.899e-9
1525.900, -1.899e-9
1526.900, -1.901e-9
1527.900, -1.900e-9
1528.900, -1.902e-9
1529.900, -1.903e-9
1530.900, -1.903e-9
1531.900, -1.903e-9
1532.900, -1.898e-9
1533.900, -1.895e-9
1534.900, -1.897e-9
1535.900, -1.898e-9
1536.900, -1.902e-9
1537.900, -1.901e-9
1538.900, -1.901e-9
1539.900, -1.899e-9
1540.900, -1.897e-9
1541.900, -1.900e-9
1542.900, -1.901e-9
1543.900, -1.899e-9
1544.900, -1.899e-9
1545.900, -1.899e-9
1546.900, -1.899e-9
1547.900, -1.899e-9
1548.900, -1.900e-9
1549.900, -1.901e-9
1550.900, -1.899e-9
1551.900, -1.900e-9
1552.900, -1.900e-9
1553.900, -1.899e-9
1554.900, -1.901e-9
1555.900, -1.900e-9
1556.900, -1.900e-9
1557.900, -1.901e-9
1558.900, -1.899e-9
1559.900, -1.901e-9
1560.900, -1.900e-9
1561.900, -1.900e-9
1562.900, -1.901e-9
1563.900, -1.900e-9
1564.900, -1.901e-9
1565.900, -1.900e-9
1566.900, -1.900e-9
1567.900, -1.900e-9
1568.900, -1.899e-9
1569.900, -1.900e-9
1570.900, -1.899e-9
1571.900, -1.899e-9
1572.900, -1.900e-9
1573.900, -1.899e-9
1574.900, -1.900e-9
1575.900, -1.900e-9
1576.900, -1.899e-9
1577.900, -1.900e-9
1578.900, -1.899e-9
1579.900, -1.899e-9
1580.900, -1.899e-9
1581.900, -1.898e-9
1582.900, -1.899e-9
1583.900, -1.897e-9
1584.900, -1.897e-9
1585.900, -1.895e-9
1586.900, -1.893e-9
1587.900, -1.894e-9
1588.900, -1.892e-9
1589.900, -1.891e-9
1590.900, -1.891e-9
1591.900, -1.889e-9
1592.900, -1.890e-9
1593.900, -1.889e-9
1594.900, -1.889e-9
1595.900, -1.889e-9
1596.900, -1.887e-9
1597.900, -1.888e-9
1598.900, -1.886e-9
1599.900, -1.886e-9
1600.900, -1.886e-9
1601.900, -1.885e-9
1602.900, -1.884e-9
1603.900, -1.885e-9
1604.900, -1.884e-9
1605.900, -1.884e-9
1606.900, -1.885e-9
1607.900, -1.883e-9
1608.900, -1.884e-9
1609.900, -1.884e-9
1610.900, -1.882e-9
1611.900, -1.884e-9
1612.900, -1.882e-9
1613.900, -1.883e-9
1614.900, -1.882e-9
1615.900, -1.882e-9
1616.900, -1.883e-9
1617.900, -1.882e-9
1618.900, -1.882e-9
1619.900, -1.882e-9
1620.900, -1.881e-9
1621.900, -1.882e-9
1622.900, -1.881e-9
1623.900, -1.880e-9
1624.900, -1.881e-9
1625.900, -1.880e-9
1626.900, -1.881e-9
1627.900, -1.880e-9
1628.900, -1.879e-9
1629.900, -1.881e-9
1630.900, -1.880e-9
1631.900, -1.880e-9
1632.900, -1.880e-9
1633.900, -1.880e-9
1634.900, -1.882e-9
1635.900, -1.885e-9
1636.900, -1.888e-9
1637.900, -1.882e-9
1638.900, -1.876e-9
1639.900, -1.877e-9
1640.900, -1.874e-9
1641.900, -1.875e-9
1642.900, -1.878e-9
1643.900, -1.877e-9
1644.900, -1.879e-9
1645.900, -1.878e-9
1646.900, -1.878e-9
1647.900, -1.879e-9
1648.900, -1.877e-9
1649.900, -1.879e-9
1650.900, -1.878e-9
1651.900, -1.877e-9
1652.900, -1.877e-9
1653.900, -1.876e-9
1654.900, -1.877e-9
1655.900, -1.878e-9
1656.900, -1.877e-9
1657.900, -1.879e-9
1658.900, -1.878e-9
1659.900, -1.878e-9
1660.900, -1.879e-9
1661.900, -1.878e-9
1662.900, -1.879e-9
1663.900, -1.877e-9
1664.900, -1.878e-9
1665.900, -1.879e-9
1666.900, -1.878e-9
1667.900, -1.879e-9
1668.900, -1.878e-9
1669.900, -1.878e-9
1670.900, -1.878e-9
1671.900, -1.877e-9
1672.900, -1.879e-9
1673.900, -1.878e-9
1674.900, -1.878e-9
1675.900, -1.878e-9
1676.900, -1.877e-9
1677.900, -1.878e-9
1678.900, -1.877e-9
1679.900, -1.877e-9
1680.900, -1.878e-9
1681.900, -1.876e-9
1682.900, -1.878e-9
1683.900, -1.877e-9
1684.900, -1.877e-9
1685.900, -1.878e-9
1686.900, -1.876e-9
1687.900, -1.877e-9
1688.900, -1.877e-9
1689.900, -1.877e-9
1690.900, -1.877e-9
1691.900, -1.876e-9
1692.900, -1.877e-9
1693.900, -1.877e-9
1694.900, -1.876e-9
1695.900, -1.877e-9
1696.900, -1.876e-9
1697.900, -1.876e-9
1698.900, -1.877e-9
1699.900, -1.876e-9
1700.900, -1.877e-9
1701.900, -1.876e-9
1702.900, -1.876e-9
1703.900, -1.876e-9
1704.900, -1.875e-9
1705.900, -1.876e-9
1706.900, -1.875e-9
1707.900, -1.875e-9
1708.900, -1.876e-9
1709.900, -1.875e-9
1710.900, -1.876e-9
1711.900, -1.875e-9
1712.900, -1.875e-9
1713.900, -1.876e-9
1714.900, -1.875e-9
1715.900, -1.875e-9
1716.900, -1.875e-9
1717.900, -1.874e-9
1718.900, -1.875e-9
1719.900, -1.874e-9
1720.900, -1.874e-9
1721.900, -1.875e-9
1722.900, -1.874e-9
1723.900, -1.875e-9
1724.900, -1.874e-9
1725.900, -1.875e-9
1726.900, -1.875e-9
1727.900, -1.874e-9
1728.900, -1.875e-9
1729.900, -1.874e-9
1730.900, -1.874e-9
1731.900, -1.875e-9
1732.900, -1.873e-9
1733.900, -1.874e-9
1734.900, -1.873e-9
1735.900, -1.873e-9
1736.900, -1.874e-9
1737.900, -1.872e-9
1738.900, -1.873e-9
1739.900, -1.873e-9
1740.900, -1.871e-9
1741.900, -1.873e-9
1742.900, -1.872e-9
1743.900, -1.872e-9
1744.900, -1.872e-9
1745.900, -1.871e-9
1746.900, -1.872e-9
1747.900, -1.871e-9
1748.900, -1.871e-9
1749.900, -1.871e-9
1750.900, -1.870e-9
1751.900, -1.871e-9
1752.900, -1.871e-9
1753.900, -1.870e-9
1754.900, -1.871e-9
1755.900, -1.870e-9
1756.900, -1.870e-9
1757.900, -1.870e-9
1758.900, -1.869e-9
1759.900, -1.871e-9
1760.900, -1.870e-9
1761.900, -1.869e-9
1762.900, -1.870e-9
1763.900, -1.869e-9
1764.900, -1.870e-9
1765.900, -1.869e-9
1766.900, -1.870e-9
1767.900, -1.870e-9
1768.900, -1.869e-9
1769.900, -1.870e-9
1770.900, -1.869e-9
1771.900, -1.869e-9
1772.900, -1.869e-9
1773.900, -1.868e-9
1774.900, -1.869e-9
1775.900, -1.869e-9
1776.900, -1.868e-9
1777.900, -1.869e-9
1778.900, -1.867e-9
1779.900, -1.868e-9
1780.900, -1.869e-9
1781.900, -1.868e-9
1782.900, -1.868e-9
1783.900, -1.867e-9
1784.900, -1.868e-9
1785.900, -1.868e-9
1786.900, -1.867e-9
1787.900, -1.868e-9
1788.900, -1.868e-9
1789.900, -1.868e-9
1790.900, -1.868e-9
1791.900, -1.867e-9
1792.900, -1.868e-9
1793.900, -1.867e-9
1794.900, -1.867e-9
1795.900, -1.868e-9
1796.900, -1.867e-9
1797.900, -1.868e-9
1798.900, -1.868e-9
1799.900, -1.867e-9
1800.900, -1.868e-9
1801.900, -1.867e-9
1802.900, -1.868e-9
1803.900, -1.868e-9
1804.900, -1.867e-9
1805.900, -1.868e-9
1806.900, -1.867e-9
1807.900, -1.867e-9
1808.900, -1.868e-9
1809.900, -1.866e-9
1810.900, -1.868e-9
1811.900, -1.867e-9
1812.900, -1.867e-9
1813.900, -1.868e-9
1814.900, -1.867e-9
1815.900, -1.868e-9
1816.900, -1.867e-9
1817.900, -1.867e-9
1818.900, -1.869e-9
1819.900, -1.868e-9
1820.900, -1.868e-9
1821.900, -1.868e-9
1822.900, -1.868e-9
1823.900, -1.869e-9
1824.900, -1.868e-9
1825.900, -1.869e-9
1826.900, -1.869e-9
1827.900, -1.868e-9
1828.900, -1.870e-9
1829.900, -1.868e-9
1830.900, -1.869e-9
1831.900, -1.869e-9
1832.900, -1.869e-9
1833.900, -1.871e-9
1834.900, -1.870e-9
1835.900, -1.871e-9
1836.900, -1.871e-9
1837.900, -1.871e-9
1838.900, -1.872e-9
1839.900, -1.871e-9
1840.900, -1.872e-9
1841.900, -1.872e-9
1842.900, -1.871e-9
1843.900, -1.872e-9
1844.900, -1.872e-9
1845.900, -1.871e-9
1846.900, -1.872e-9
1847.900, -1.870e-9
1848.900, -1.871e-9
1849.900, -1.871e-9
1850.900, -1.870e-9
1851.900, -1.871e-9
1852.900, -1.870e-9
1853.900, -1.871e-9
1854.900, -1.871e-9
1855.900, -1.870e-9
1856.900, -1.871e-9
1857.900, -1.870e-9
1858.900, -1.870e-9
1859.900, -1.870e-9
1860.900, -1.868e-9
1861.900, -1.869e-9
1862.900, -1.869e-9
1863.900, -1.868e-9
1864.900, -1.869e-9
1865.900, -1.868e-9
1866.900, -1.869e-9
1867.900, -1.869e-9
1868.900, -1.868e-9
1869.900, -1.869e-9
1870.900, -1.868e-9
1871.900, -1.868e-9
1872.900, -1.869e-9
1873.900, -1.868e-9
1874.900, -1.869e-9
1875.900, -1.868e-9
1876.900, -1.868e-9
1877.900, -1.869e-9
1878.900, -1.867e-9
1879.900, -1.869e-9
1880.900, -1.868e-9
1881.900, -1.867e-9
1882.900, -1.868e-9
1883.900, -1.867e-9
1884.900, -1.867e-9
1885.900, -1.867e-9
1886.900, -1.866e-9
1887.900, -1.867e-9
1888.900, -1.866e-9
1889.900, -1.866e-9
1890.900, -1.867e-9
1891.900, -1.866e-9
1892.900, -1.867e-9
1893.900, -1.866e-9
1894.900, -1.866e-9
1895.900, -1.866e-9
1896.900, -1.865e-9
1897.900, -1.866e-9
1898.900, -1.866e-9
1899.900, -1.865e-9
1900.900, -1.866e-9
1901.900, -1.865e-9
1902.900, -1.866e-9
1903.900, -1.866e-9
1904.900, -1.865e-9
1905.900, -1.866e-9
1906.900, -1.865e-9
1907.900, -1.866e-9
1908.900, -1.866e-9
1909.900, -1.865e-9
1910.900, -1.867e-9
1911.900, -1.865e-9
1912.900, -1.866e-9
1913.900, -1.865e-9
1914.900, -1.864e-9
1915.900, -1.866e-9
1916.900, -1.865e-9
1917.900, -1.865e-9
1918.900, -1.865e-9
1919.900, -1.865e-9
1920.900, -1.867e-9
1921.900, -1.866e-9
1922.900, -1.867e-9
1923.900, -1.868e-9
1924.900, -1.868e-9
1925.900, -1.869e-9
1926.900, -1.869e-9
1927.900, -1.868e-9
1928.900, -1.869e-9
1929.900, -1.868e-9
1930.900, -1.869e-9
1931.900, -1.869e-9
1932.900, -1.868e-9
1933.900, -1.870e-9
1934.900, -1.869e-9
1935.900, -1.870e-9
1936.900, -1.869e-9
1937.900, -1.869e-9
1938.900, -1.870e-9
1939.900, -1.869e-9
1940.900, -1.869e-9
1941.900, -1.869e-9
1942.900, -1.868e-9
1943.900, -1.869e-9
1944.900, -1.868e-9
1945.900, -1.868e-9
1946.900, -1.869e-9
1947.900, -1.867e-9
1948.900, -1.868e-9
1949.900, -1.868e-9
1950.900, -1.868e-9
1951.900, -1.868e-9
1952.900, -1.867e-9
1953.900, -1.868e-9
1954.900, -1.868e-9
1955.900, -1.867e-9
1956.900, -1.868e-9
1957.900, -1.867e-9
1958.900, -1.868e-9
1959.900, -1.868e-9
1960.900, -1.867e-9
1961.900, -1.868e-9
1962.900, -1.866e-9
1963.900, -1.867e-9
1964.900, -1.867e-9
1965.900, -1.866e-9
1966.900, -1.867e-9
1967.900, -1.866e-9
1968.900, -1.866e-9
1969.900, -1.867e-9
1970.900, -1.865e-9
1971.900, -1.867e-9
1972.900, -1.866e-9
1973.900, -1.866e-9
1974.900, -1.866e-9
1975.900, -1.865e-9
1976.900, -1.866e-9
1977.900, -1.866e-9
1978.900, -1.866e-9
1979.900, -1.867e-9
1980.900, -1.866e-9
1981.900, -1.867e-9
1982.900, -1.866e-9
1983.900, -1.866e-9
1984.900, -1.866e-9
1985.900, -1.865e-9
1986.900, -1.866e-9
1987.900, -1.866e-9
1988.900, -1.865e-9
1989.900, -1.866e-9
1990.900, -1.865e-9
1991.900, -1.866e-9
1992.900, -1.866e-9
1993.900, -1.865e-9
1994.900, -1.866e-9
1995.900, -1.865e-9
1996.900, -1.865e-9
1997.900, -1.866e-9
1998.900, -1.864e-9
1999.900, -1.865e-9
2000.900, -1.865e-9
2001.900, -1.864e-9
2002.900, -1.865e-9
2003.900, -1.864e-9
2004.900, -1.864e-9
2005.900, -1.864e-9
2006.900, -1.864e-9
2007.900, -1.865e-9
2008.900, -1.864e-9
2009.900, -1.864e-9
2010.900, -1.864e-9
2011.900, -1.863e-9
2012.900, -1.865e-9
2013.900, -1.864e-9
2014.900, -1.864e-9
2015.900, -1.865e-9
2016.900, -1.863e-9
2017.900, -1.865e-9
2018.900, -1.864e-9
2019.900, -1.864e-9
2020.900, -1.865e-9
2021.900, -1.863e-9
2022.900, -1.864e-9
2023.900, -1.864e-9
2024.900, -1.864e-9
2025.900, -1.864e-9
2026.900, -1.863e-9
2027.900, -1.864e-9
2028.900, -1.864e-9
2029.900, -1.863e-9
2030.900, -1.864e-9
2031.900, -1.863e-9
2032.900, -1.864e-9
2033.900, -1.863e-9
2034.900, -1.863e-9
2035.900, -1.864e-9
2036.900, -1.863e-9
2037.900, -1.864e-9
2038.900, -1.864e-9
2039.900, -1.863e-9
2040.900, -1.864e-9
2041.900, -1.863e-9
2042.900, -1.864e-9
2043.900, -1.864e-9
2044.900, -1.862e-9
2045.900, -1.863e-9
2046.900, -1.862e-9
2047.900, -1.862e-9
2048.900, -1.863e-9
2049.900, -1.862e-9
2050.900, -1.863e-9
2051.900, -1.862e-9
2052.900, -1.862e-9
2053.900, -1.863e-9
2054.900, -1.861e-9
2055.900, -1.862e-9
2056.900, -1.862e-9
2057.900, -1.862e-9
2058.900, -1.863e-9
2059.900, -1.861e-9
2060.900, -1.862e-9
2061.900, -1.862e-9
2062.900, -1.862e-9
2063.900, -1.863e-9
2064.900, -1.861e-9
2065.900, -1.862e-9
2066.900, -1.863e-9
2067.900, -1.862e-9
2068.900, -1.863e-9
2069.900, -1.862e-9
2070.900, -1.862e-9
2071.900, -1.863e-9
2072.900, -1.861e-9
2073.900, -1.863e-9
2074.900, -1.862e-9
2075.900, -1.862e-9
2076.900, -1.862e-9
2077.900, -1.861e-9
2078.900, -1.862e-9
2079.900, -1.862e-9
2080.900, -1.862e-9
2081.900, -1.863e-9
2082.900, -1.862e-9
2083.900, -1.862e-9
2084.900, -1.862e-9
2085.900, -1.861e-9
2086.900, -1.862e-9
2087.900, -1.861e-9
2088.900, -1.862e-9
2089.900, -1.863e-9
2090.900, -1.862e-9
2091.900, -1.863e-9
2092.900, -1.862e-9
2093.900, -1.862e-9
2094.900, -1.863e-9
2095.900, -1.862e-9
2096.900, -1.863e-9
2097.900, -1.863e-9
2098.900, -1.863e-9
2099.900, -1.864e-9
2100.900, -1.862e-9
2101.900, -1.863e-9
2102.900, -1.863e-9
2103.900, -1.863e-9
2104.900, -1.864e-9
2105.900, -1.863e-9
2106.900, -1.864e-9
2107.900, -1.863e-9
2108.900, -1.863e-9
2109.900, -1.864e-9
2110.900, -1.863e-9
2111.900, -1.863e-9
2112.900, -1.863e-9
2113.900, -1.862e-9
2114.900, -1.863e-9
2115.900, -1.862e-9
2116.900, -1.863e-9
2117.900, -1.863e-9
2118.900, -1.862e-9
2119.900, -1.863e-9
2120.900, -1.862e-9
2121.900, -1.863e-9
2122.900, -1.863e-9
2123.900, -1.862e-9
2124.900, -1.863e-9
2125.900, -1.862e-9
2126.900, -1.863e-9
2127.900, -1.863e-9
2128.900, -1.862e-9
2129.900, -1.863e-9
2130.900, -1.862e-9
2131.900, -1.862e-9
2132.900, -1.863e-9
2133.900, -1.862e-9
2134.900, -1.863e-9
2135.900, -1.863e-9
2136.900, -1.862e-9
2137.900, -1.863e-9
2138.900, -1.862e-9
2139.900, -1.863e-9
2140.900, -1.863e-9
2141.900, -1.862e-9
2142.900, -1.863e-9
2143.900, -1.862e-9
2144.900, -1.862e-9
2145.900, -1.863e-9
2146.900, -1.861e-9
2147.900, -1.863e-9
2148.900, -1.862e-9
2149.900, -1.862e-9
2150.900, -1.863e-9
2151.900, -1.862e-9
2152.900, -1.862e-9
2153.900, -1.862e-9
2154.900, -1.861e-9
2155.900, -1.863e-9
2156.900, -1.862e-9
2157.900, -1.862e-9
2158.900, -1.862e-9
2159.900, -1.861e-9
2160.900, -1.862e-9
2161.900, -1.861e-9
2162.900, -1.861e-9
2163.900, -1.862e-9
2164.900, -1.861e-9
2165.900, -1.862e-9
2166.900, -1.861e-9
2167.900, -1.861e-9
2168.900, -1.862e-9
2169.900, -1.861e-9
2170.900, -1.862e-9
2171.900, -1.861e-9
2172.900, -1.861e-9
2173.900, -1.862e-9
2174.900, -1.861e-9
2175.900, -1.862e-9
2176.900, -1.861e-9
2177.900, -1.860e-9
2178.900, -1.862e-9
2179.900, -1.861e-9
2180.900, -1.860e-9
2181.900, -1.861e-9
2182.900, -1.860e-9
2183.900, -1.861e-9
2184.900, -1.860e-9
2185.900, -1.860e-9
2186.900, -1.860e-9
2187.900, -1.859e-9
2188.900, -1.860e-9
2189.900, -1.860e-9
2190.900, -1.859e-9
2191.900, -1.859e-9
2192.900, -1.858e-9
2193.900, -1.859e-9
2194.900, -1.859e-9
2195.900, -1.858e-9
2196.900, -1.859e-9
2197.900, -1.859e-9
2198.900, -1.859e-9
2199.900, -1.859e-9
2200.900, -1.858e-9
2201.900, -1.859e-9
2202.900, -1.858e-9
2203.900, -1.858e-9
2204.900, -1.859e-9
2205.900, -1.857e-9
2206.900, -1.859e-9
2207.900, -1.858e-9
2208.900, -1.858e-9
2209.900, -1.859e-9
2210.900, -1.858e-9
2211.900, -1.859e-9
2212.900, -1.858e-9
2213.900, -1.858e-9
2214.900, -1.859e-9
2215.900, -1.857e-9
2216.900, -1.858e-9
2217.900, -1.858e-9
2218.900, -1.857e-9
2219.900, -1.858e-9
2220.900, -1.857e-9
2221.900, -1.858e-9
2222.900, -1.858e-9
2223.900, -1.857e-9
2224.900, -1.859e-9
2225.900, -1.857e-9
2226.900, -1.857e-9
2227.900, -1.857e-9
2228.900, -1.857e-9
2229.900, -1.858e-9
2230.900, -1.857e-9
2231.900, -1.857e-9
2232.900, -1.857e-9
2233.900, -1.856e-9
2234.900, -1.857e-9
2235.900, -1.856e-9
2236.900, -1.856e-9
2237.900, -1.857e-9
2238.900, -1.856e-9
2239.900, -1.857e-9
2240.900, -1.856e-9
2241.900, -1.856e-9
2242.900, -1.857e-9
2243.900, -1.856e-9
2244.900, -1.857e-9
2245.900, -1.856e-9
2246.900, -1.856e-9
2247.900, -1.857e-9
2248.900, -1.856e-9
2249.900, -1.857e-9
2250.900, -1.856e-9
2251.900, -1.856e-9
2252.900, -1.857e-9
2253.900, -1.856e-9
2254.900, -1.856e-9
2255.900, -1.856e-9
2256.900, -1.855e-9
2257.900, -1.857e-9
2258.900, -1.856e-9
2259.900, -1.856e-9
2260.900, -1.857e-9
2261.900, -1.856e-9
2262.900, -1.857e-9
2263.900, -1.855e-9
2264.900, -1.856e-9
2265.900, -1.856e-9
2266.900, -1.855e-9
2267.900, -1.856e-9
2268.900, -1.855e-9
2269.900, -1.856e-9
2270.900, -1.856e-9
2271.900, -1.855e-9
2272.900, -1.856e-9
2273.900, -1.855e-9
2274.900, -1.856e-9
2275.900, -1.856e-9
2276.900, -1.855e-9
2277.900, -1.857e-9
2278.900, -1.855e-9
2279.900, -1.855e-9
2280.900, -1.856e-9
2281.900, -1.855e-9
2282.900, -1.855e-9
2283.900, -1.855e-9
2284.900, -1.855e-9
2285.900, -1.855e-9
2286.900, -1.854e-9
2287.900, -1.855e-9
2288.900, -1.855e-9
2289.900, -1.854e-9
2290.900, -1.856e-9
2291.900, -1.855e-9
2292.900, -1.855e-9
2293.900, -1.855e-9
2294.900, -1.854e-9
2295.900, -1.855e-9
2296.900, -1.854e-9
2297.900, -1.854e-9
2298.900, -1.855e-9
2299.900, -1.854e-9
2300.900, -1.856e-9
2301.900, -1.855e-9
2302.900, -1.855e-9
2303.900, -1.856e-9
2304.900, -1.855e-9
2305.900, -1.856e-9
2306.900, -1.856e-9
2307.900, -1.856e-9
2308.900, -1.857e-9
2309.900, -1.855e-9
2310.900, -1.857e-9
2311.900, -1.856e-9
2312.900, -1.856e-9
2313.900, -1.857e-9
2314.900, -1.856e-9
2315.900, -1.857e-9
2316.900, -1.857e-9
2317.900, -1.856e-9
2318.900, -1.857e-9
2319.900, -1.856e-9
2320.900, -1.856e-9
2321.900, -1.857e-9
2322.900, -1.856e-9
2323.900, -1.858e-9
2324.900, -1.857e-9
2325.900, -1.857e-9
2326.900, -1.857e-9
2327.900, -1.856e-9
2328.900, -1.857e-9
2329.900, -1.857e-9
2330.900, -1.856e-9
2331.900, -1.857e-9
2332.900, -1.856e-9
2333.900, -1.856e-9
2334.900, -1.857e-9
2335.900, -1.856e-9
2336.900, -1.857e-9
2337.900, -1.856e-9
2338.900, -1.857e-9
2339.900, -1.857e-9
2340.900, -1.856e-9
2341.900, -1.857e-9
2342.900, -1.856e-9
2343.900, -1.856e-9
2344.900, -1.857e-9
2345.900, -1.855e-9
2346.900, -1.856e-9
2347.900, -1.856e-9
2348.900, -1.855e-9
2349.900, -1.856e-9
2350.900, -1.855e-9
2351.900, -1.856e-9
2352.900, -1.856e-9
2353.900, -1.855e-9
2354.900, -1.856e-9
2355.900, -1.855e-9
2356.900, -1.856e-9
2357.900, -1.856e-9
2358.900, -1.855e-9
2359.900, -1.856e-9
2360.900, -1.855e-9
2361.900, -1.855e-9
2362.900, -1.856e-9
2363.900, -1.855e-9
2364.900, -1.856e-9
2365.900, -1.855e-9
2366.900, -1.855e-9
2367.900, -1.856e-9
2368.900, -1.854e-9
2369.900, -1.855e-9
2370.900, -1.854e-9
2371.900, -1.854e-9
2372.900, -1.855e-9
2373.900, -1.853e-9
2374.900, -1.854e-9
2375.900, -1.854e-9
2376.900, -1.853e-9
2377.900, -1.855e-9
2378.900, -1.853e-9
2379.900, -1.854e-9
2380.900, -1.854e-9
2381.900, -1.853e-9
2382.900, -1.854e-9
2383.900, -1.853e-9
2384.900, -1.853e-9
2385.900, -1.854e-9
2386.900, -1.852e-9
2387.900, -1.854e-9
2388.900, -1.853e-9
2389.900, -1.852e-9
2390.900, -1.853e-9
2391.900, -1.852e-9
2392.900, -1.853e-9
2393.900, -1.852e-9
2394.900, -1.852e-9
2395.900, -1.853e-9
2396.900, -1.852e-9
2397.900, -1.853e-9
2398.900, -1.852e-9
2399.900, -1.852e-9
2400.900, -1.853e-9
2401.900, -1.852e-9
2402.900, -1.852e-9
2403.900, -1.852e-9
2404.900, -1.851e-9
2405.900, -1.852e-9
2406.900, -1.851e-9
2407.900, -1.852e-9
2408.900, -1.852e-9
2409.900, -1.851e-9
2410.900, -1.852e-9
2411.900, -1.851e-9
2412.900, -1.851e-9
2413.900, -1.852e-9
2414.900, -1.850e-9
2415.900, -1.851e-9
2416.900, -1.851e-9
2417.900, -1.850e-9
2418.900, -1.852e-9
2419.900, -1.850e-9
2420.900, -1.851e-9
2421.900, -1.851e-9
2422.900, -1.850e-9
2423.900, -1.851e-9
2424.900, -1.850e-9
2425.900, -1.851e-9
2426.900, -1.850e-9
2427.900, -1.850e-9
2428.900, -1.851e-9
2429.900, -1.849e-9
2430.900, -1.850e-9
2431.900, -1.850e-9
2432.900, -1.849e-9
2433.900, -1.850e-9
2434.900, -1.849e-9
2435.900, -1.849e-9
2436.900, -1.850e-9
2437.900, -1.849e-9
2438.900, -1.850e-9
2439.900, -1.849e-9
2440.900, -1.849e-9
2441.900, -1.850e-9
2442.900, -1.849e-9
2443.900, -1.850e-9
2444.900, -1.849e-9
2445.900, -1.849e-9
2446.900, -1.850e-9
2447.900, -1.848e-9
2448.900, -1.849e-9
2449.900, -1.849e-9
2450.900, -1.848e-9
2451.900, -1.849e-9
2452.900, -1.848e-9
2453.900, -1.849e-9
2454.900, -1.848e-9
2455.900, -1.848e-9
2456.900, -1.850e-9
2457.900, -1.848e-9
2458.900, -1.849e-9
2459.900, -1.849e-9
2460.900, -1.848e-9
2461.900, -1.849e-9
2462.900, -1.848e-9
2463.900, -1.848e-9
2464.900, -1.848e-9
2465.900, -1.847e-9
2466.900, -1.848e-9
2467.900, -1.847e-9
2468.900, -1.847e-9
2469.900, -1.848e-9
2470.900, -1.847e-9
2471.900, -1.848e-9
2472.900, -1.847e-9
2473.900, -1.847e-9
2474.900, -1.848e-9
2475.900, -1.846e-9
2476.900, -1.847e-9
2477.900, -1.847e-9
2478.900, -1.846e-9
2479.900, -1.847e-9
2480.900, -1.846e-9
2481.900, -1.847e-9
2482.900, -1.847e-9
2483.900, -1.846e-9
2484.900, -1.847e-9
2485.900, -1.846e-9
2486.900, -1.846e-9
2487.900, -1.847e-9
2488.900, -1.846e-9
2489.900, -1.847e-9
2490.900, -1.845e-9
2491.900, -1.846e-9
2492.900, -1.846e-9
2493.900, -1.845e-9
2494.900, -1.846e-9
2495.900, -1.845e-9
2496.900, -1.845e-9
2497.900, -1.846e-9
2498.900, -1.845e-9
2499.900, -1.846e-9
2500.900, -1.845e-9
2501.900, -1.845e-9
2502.900, -1.846e-9
2503.900, -1.844e-9
2504.900, -1.846e-9
2505.900, -1.845e-9
2506.900, -1.845e-9
2507.900, -1.846e-9
2508.900, -1.845e-9
2509.900, -1.845e-9
2510.900, -1.845e-9
2511.900, -1.845e-9
2512.900, -1.846e-9
2513.900, -1.844e-9
2514.900, -1.845e-9
2515.900, -1.844e-9
2516.900, -1.844e-9
2517.900, -1.845e-9
2518.900, -1.844e-9
2519.900, -1.845e-9
2520.900, -1.845e-9
2521.900, -1.844e-9
2522.900, -1.845e-9
2523.900, -1.844e-9
2524.900, -1.844e-9
2525.900, -1.844e-9
2526.900, -1.843e-9
2527.900, -1.845e-9
2528.900, -1.844e-9
2529.900, -1.844e-9
2530.900, -1.844e-9
2531.900, -1.843e-9
2532.900, -1.844e-9
2533.900, -1.844e-9
2534.900, -1.843e-9
2535.900, -1.845e-9
2536.900, -1.843e-9
2537.900, -1.844e-9
2538.900, -1.844e-9
2539.900, -1.843e-9
2540.900, -1.844e-9
2541.900, -1.843e-9
2542.900, -1.843e-9
2543.900, -1.844e-9
2544.900, -1.842e-9
2545.900, -1.844e-9
2546.900, -1.843e-9
2547.900, -1.843e-9
2548.900, -1.844e-9
2549.900, -1.842e-9
2550.900, -1.843e-9
2551.900, -1.843e-9
2552.900, -1.843e-9
2553.900, -1.844e-9
2554.900, -1.842e-9
2555.900, -1.843e-9
2556.900, -1.843e-9
2557.900, -1.842e-9
2558.900, -1.843e-9
2559.900, -1.842e-9
2560.900, -1.843e-9
2561.900, -1.843e-9
2562.900, -1.842e-9
2563.900, -1.843e-9
2564.900, -1.842e-9
2565.900, -1.842e-9
2566.900, -1.842e-9
2567.900, -1.841e-9
2568.900, -1.842e-9
2569.900, -1.842e-9
2570.900, -1.842e-9
2571.900, -1.842e-9
2572.900, -1.841e-9
2573.900, -1.842e-9
2574.900, -1.841e-9
2575.900, -1.842e-9
2576.900, -1.842e-9
2577.900, -1.841e-9
2578.900, -1.842e-9
2579.900, -1.841e-9
2580.900, -1.841e-9
2581.900, -1.842e-9
2582.900, -1.840e-9
2583.900, -1.841e-9
2584.900, -1.840e-9
2585.900, -1.841e-9
2586.900, -1.841e-9
2587.900, -1.840e-9
2588.900, -1.841e-9
2589.900, -1.841e-9
2590.900, -1.841e-9
2591.900, -1.842e-9
2592.900, -1.840e-9
2593.900, -1.841e-9
2594.900, -1.841e-9
2595.900, -1.840e-9
2596.900, -1.841e-9
2597.900, -1.840e-9
2598.900, -1.841e-9
2599.900, -1.841e-9
2600.900, -1.840e-9
2601.900, -1.841e-9
2602.900, -1.840e-9
2603.900, -1.840e-9
2604.900, -1.840e-9
2605.900, -1.839e-9
2606.900, -1.840e-9
2607.900, -1.840e-9
2608.900, -1.840e-9
2609.900, -1.841e-9
2610.900, -1.840e-9
2611.900, -1.840e-9
2612.900, -1.840e-9
2613.900, -1.839e-9
2614.900, -1.841e-9
2615.900, -1.840e-9
2616.900, -1.840e-9
2617.900, -1.840e-9
2618.900, -1.839e-9
2619.900, -1.840e-9
2620.900, -1.839e-9
2621.900, -1.839e-9
2622.900, -1.840e-9
2623.900, -1.839e-9
2624.900, -1.840e-9
2625.900, -1.840e-9
2626.900, -1.840e-9
2627.900, -1.840e-9
2628.900, -1.837e-9
2629.900, -1.837e-9
2630.900, -1.836e-9
2631.900, -1.835e-9
2632.900, -1.835e-9
2633.900, -1.833e-9
2634.900, -1.833e-9
2635.900, -1.832e-9
2636.900, -1.831e-9
2637.900, -1.832e-9
2638.900, -1.831e-9
2639.900, -1.831e-9
2640.900, -1.831e-9
2641.900, -1.829e-9
2642.900, -1.831e-9
2643.900, -1.830e-9
2644.900, -1.830e-9
2645.900, -1.831e-9
2646.900, -1.829e-9
2647.900, -1.830e-9
2648.900, -1.830e-9
2649.900, -1.829e-9
2650.900, -1.830e-9
2651.900, -1.829e-9
2652.900, -1.830e-9
2653.900, -1.829e-9
2654.900, -1.829e-9
2655.900, -1.830e-9
2656.900, -1.829e-9
2657.900, -1.829e-9
2658.900, -1.829e-9
2659.900, -1.828e-9
2660.900, -1.830e-9
2661.900, -1.828e-9
2662.900, -1.829e-9
2663.900, -1.829e-9
2664.900, -1.828e-9
2665.900, -1.829e-9
2666.900, -1.828e-9
2667.900, -1.829e-9
2668.900, -1.829e-9
2669.900, -1.828e-9
2670.900, -1.829e-9
2671.900, -1.828e-9
2672.900, -1.828e-9
2673.900, -1.829e-9
2674.900, -1.828e-9
2675.900, -1.829e-9
2676.900, -1.828e-9
2677.900, -1.828e-9
2678.900, -1.829e-9
2679.900, -1.828e-9
2680.900, -1.829e-9
2681.900, -1.828e-9
2682.900, -1.828e-9
2683.900, -1.829e-9
2684.900, -1.828e-9
2685.900, -1.829e-9
2686.900, -1.828e-9
2687.900, -1.828e-9
2688.900, -1.829e-9
2689.900, -1.828e-9
2690.900, -1.829e-9
2691.900, -1.828e-9
2692.900, -1.828e-9
2693.900, -1.829e-9
2694.900, -1.828e-9
2695.900, -1.829e-9
2696.900, -1.829e-9
2697.900, -1.828e-9
2698.900, -1.829e-9
2699.900, -1.828e-9
2700.900, -1.828e-9
2701.900, -1.829e-9
2702.900, -1.828e-9
2703.900, -1.829e-9
2704.900, -1.828e-9
2705.900, -1.828e-9
2706.900, -1.829e-9
2707.900, -1.827e-9
2708.900, -1.829e-9
2709.900, -1.828e-9
2710.900, -1.828e-9
2711.900, -1.828e-9
2712.900, -1.827e-9
2713.900, -1.829e-9
2714.900, -1.828e-9
2715.900, -1.828e-9
2716.900, -1.828e-9
2717.900, -1.827e-9
2718.900, -1.829e-9
2719.900, -1.828e-9
2720.900, -1.828e-9
2721.900, -1.828e-9
2722.900, -1.827e-9
2723.900, -1.828e-9
2724.900, -1.828e-9
2725.900, -1.828e-9
2726.900, -1.829e-9
2727.900, -1.827e-9
2728.900, -1.828e-9
2729.900, -1.828e-9
2730.900, -1.827e-9
2731.900, -1.828e-9
2732.900, -1.827e-9
2733.900, -1.828e-9
2734.900, -1.828e-9
2735.900, -1.827e-9
2736.900, -1.828e-9
2737.900, -1.827e-9
2738.900, -1.827e-9
2739.900, -1.828e-9
2740.900, -1.827e-9
2741.900, -1.828e-9
2742.900, -1.827e-9
2743.900, -1.827e-9
2744.900, -1.828e-9
2745.900, -1.826e-9
2746.900, -1.828e-9
2747.900, -1.827e-9
2748.900, -1.827e-9
2749.900, -1.827e-9
2750.900, -1.826e-9
2751.900, -1.827e-9
2752.900, -1.827e-9
2753.900, -1.827e-9
2754.900, -1.828e-9
2755.900, -1.827e-9
2756.900, -1.827e-9
2757.900, -1.827e-9
2758.900, -1.826e-9
2759.900, -1.827e-9
2760.900, -1.826e-9
2761.900, -1.826e-9
2762.900, -1.827e-9
2763.900, -1.825e-9
2764.900, -1.826e-9
2765.900, -1.825e-9
2766.900, -1.826e-9
2767.900, -1.826e-9
2768.900, -1.825e-9
2769.900, -1.826e-9
2770.900, -1.826e-9
2771.900, -1.826e-9
2772.900, -1.827e-9
2773.900, -1.826e-9
2774.900, -1.827e-9
2775.900, -1.826e-9
2776.900, -1.826e-9
2777.900, -1.827e-9
2778.900, -1.825e-9
2779.900, -1.826e-9
2780.900, -1.826e-9
2781.900, -1.826e-9
2782.900, -1.827e-9
2783.900, -1.825e-9
2784.900, -1.826e-9
2785.900, -1.826e-9
2786.900, -1.825e-9
2787.900, -1.826e-9
2788.900, -1.825e-9
2789.900, -1.825e-9
2790.900, -1.825e-9
2791.900, -1.825e-9
2792.900, -1.826e-9
2793.900, -1.825e-9
2794.900, -1.826e-9
2795.900, -1.826e-9
2796.900, -1.825e-9
2797.900, -1.826e-9
2798.900, -1.825e-9
2799.900, -1.826e-9
2800.900, -1.826e-9
2801.900, -1.825e-9
2802.900, -1.826e-9
2803.900, -1.825e-9
2804.900, -1.826e-9
2805.900, -1.826e-9
2806.900, -1.825e-9
2807.900, -1.826e-9
2808.900, -1.826e-9
2809.900, -1.825e-9
2810.900, -1.826e-9
2811.900, -1.825e-9
2812.900, -1.826e-9
2813.900, -1.825e-9
2814.900, -1.825e-9
2815.900, -1.826e-9
2816.900, -1.825e-9
2817.900, -1.825e-9
2818.900, -1.826e-9
2819.900, -1.825e-9
2820.900, -1.826e-9
2821.900, -1.825e-9
2822.900, -1.826e-9
2823.900, -1.826e-9
2824.900, -1.825e-9
2825.900, -1.826e-9
2826.900, -1.825e-9
2827.900, -1.826e-9
2828.900, -1.826e-9
2829.900, -1.825e-9
2830.900, -1.826e-9
2831.900, -1.825e-9
2832.900, -1.826e-9
2833.900, -1.826e-9
2834.900, -1.825e-9
2835.900, -1.826e-9
2836.900, -1.825e-9
2837.900, -1.825e-9
2838.900, -1.825e-9
2839.900, -1.824e-9
2840.900, -1.825e-9
2841.900, -1.824e-9
2842.900, -1.824e-9
2843.900, -1.825e-9
2844.900, -1.824e-9
2845.900, -1.824e-9
2846.900, -1.824e-9
2847.900, -1.823e-9
2848.900, -1.824e-9
2849.900, -1.823e-9
2850.900, -1.824e-9
2851.900, -1.823e-9
2852.900, -1.823e-9
2853.900, -1.824e-9
2854.900, -1.823e-9
2855.900, -1.823e-9
2856.900, -1.823e-9
2857.900, -1.823e-9
2858.900, -1.824e-9
2859.900, -1.823e-9
2860.900, -1.824e-9
2861.900, -1.824e-9
2862.900, -1.823e-9
2863.900, -1.824e-9
2864.900, -1.823e-9
2865.900, -1.824e-9
2866.900, -1.824e-9
2867.900, -1.823e-9
2868.900, -1.824e-9
2869.900, -1.823e-9
2870.900, -1.823e-9
2871.900, -1.823e-9
2872.900, -1.822e-9
2873.900, -1.823e-9
2874.900, -1.822e-9
2875.900, -1.822e-9
2876.900, -1.822e-9
2877.900, -1.822e-9
2878.900, -1.823e-9
2879.900, -1.822e-9
2880.900, -1.822e-9
2881.900, -1.822e-9
2882.900, -1.821e-9
2883.900, -1.823e-9
2884.900, -1.822e-9
2885.900, -1.822e-9
2886.900, -1.823e-9
2887.900, -1.822e-9
2888.900, -1.823e-9
2889.900, -1.822e-9
2890.900, -1.822e-9
2891.900, -1.823e-9
2892.900, -1.822e-9
2893.900, -1.823e-9
2894.900, -1.822e-9
2895.900, -1.822e-9
2896.900, -1.823e-9
2897.900, -1.822e-9
2898.900, -1.823e-9
2899.900, -1.823e-9
2900.900, -1.822e-9
2901.900, -1.823e-9
2902.900, -1.822e-9
2903.900, -1.823e-9
2904.900, -1.822e-9
2905.900, -1.821e-9
2906.900, -1.823e-9
2907.900, -1.821e-9
2908.900, -1.822e-9
2909.900, -1.821e-9
2910.900, -1.821e-9
2911.900, -1.822e-9
2912.900, -1.821e-9
2913.900, -1.821e-9
2914.900, -1.822e-9
2915.900, -1.821e-9
2916.900, -1.822e-9
2917.900, -1.821e-9
2918.900, -1.822e-9
2919.900, -1.822e-9
2920.900, -1.821e-9
2921.900, -1.823e-9
2922.900, -1.821e-9
2923.900, -1.822e-9
2924.900, -1.822e-9
2925.900, -1.821e-9
2926.900, -1.822e-9
2927.900, -1.821e-9
2928.900, -1.821e-9
2929.900, -1.822e-9
2930.900, -1.821e-9
2931.900, -1.822e-9
2932.900, -1.821e-9
2933.900, -1.821e-9
2934.900, -1.822e-9
2935.900, -1.820e-9
2936.900, -1.821e-9
2937.900, -1.821e-9
2938.900, -1.820e-9
2939.900, -1.821e-9
2940.900, -1.820e-9
2941.900, -1.821e-9
2942.900, -1.821e-9
2943.900, -1.819e-9
2944.900, -1.821e-9
2945.900, -1.820e-9
2946.900, -1.820e-9
2947.900, -1.821e-9
2948.900, -1.819e-9
2949.900, -1.820e-9
2950.900, -1.820e-9
2951.900, -1.819e-9
2952.900, -1.821e-9
2953.900, -1.819e-9
2954.900, -1.820e-9
2955.900, -1.820e-9
2956.900, -1.820e-9
2957.900, -1.821e-9
2958.900, -1.820e-9
2959.900, -1.821e-9
2960.900, -1.821e-9
2961.900, -1.820e-9
2962.900, -1.821e-9
2963.900, -1.820e-9
2964.900, -1.820e-9
2965.900, -1.821e-9
2966.900, -1.820e-9
2967.900, -1.821e-9
2968.900, -1.820e-9
2969.900, -1.820e-9
2970.900, -1.821e-9
2971.900, -1.820e-9
2972.900, -1.821e-9
2973.900, -1.820e-9
2974.900, -1.820e-9
2975.900, -1.821e-9
2976.900, -1.820e-9
2977.900, -1.821e-9
2978.900, -1.821e-9
2979.900, -1.820e-9
2980.900, -1.821e-9
2981.900, -1.820e-9
2982.900, -1.821e-9
2983.900, -1.821e-9
2984.900, -1.820e-9
2985.900, -1.821e-9
2986.900, -1.820e-9
2987.900, -1.821e-9
2988.900, -1.821e-9
2989.900, -1.820e-9
2990.900, -1.822e-9
2991.900, -1.821e-9
2992.900, -1.821e-9
2993.900, -1.822e-9
2994.900, -1.820e-9
2995.900, -1.821e-9
2996.900, -1.821e-9
2997.900, -1.820e-9
2998.900, -1.821e-9
2999.900, -1.820e-9
3000.900, -1.821e-9
3001.900, -1.821e-9
3002.900, -1.820e-9
3003.900, -1.821e-9
3004.900, -1.820e-9
3005.900, -1.821e-9
3006.900, -1.821e-9
3007.900, -1.820e-9
3008.900, -1.821e-9
3009.900, -1.819e-9
3010.900, -1.820e-9
3011.900, -1.820e-9
3012.900, -1.819e-9
3013.900, -1.820e-9
3014.900, -1.819e-9
3015.900, -1.819e-9
3016.900, -1.820e-9
3017.900, -1.819e-9
3018.900, -1.820e-9
3019.900, -1.820e-9
3020.900, -1.819e-9
3021.900, -1.821e-9
3022.900, -1.819e-9
3023.900, -1.820e-9
3024.900, -1.820e-9
3025.900, -1.819e-9
3026.900, -1.820e-9
3027.900, -1.819e-9
3028.900, -1.820e-9
3029.900, -1.820e-9
3030.900, -1.820e-9
3031.900, -1.822e-9
3032.900, -1.821e-9
3033.900, -1.823e-9
3034.900, -1.826e-9
3035.900, -1.825e-9
3036.900, -1.826e-9
3037.900, -1.823e-9
3038.900, -1.823e-9
3039.900, -1.822e-9
3040.900, -1.821e-9
3041.900, -1.821e-9
3042.900, -1.820e-9
3043.900, -1.820e-9
3044.900, -1.820e-9
3045.900, -1.820e-9
3046.900, -1.820e-9
3047.900, -1.819e-9
3048.900, -1.820e-9
3049.900, -1.820e-9
3050.900, -1.818e-9
3051.900, -1.820e-9
3052.900, -1.819e-9
3053.900, -1.819e-9
3054.900, -1.820e-9
3055.900, -1.818e-9
3056.900, -1.820e-9
3057.900, -1.819e-9
3058.900, -1.819e-9
3059.900, -1.819e-9
3060.900, -1.819e-9
3061.900, -1.820e-9
3062.900, -1.819e-9
3063.900, -1.818e-9
3064.900, -1.819e-9
3065.900, -1.818e-9
3066.900, -1.819e-9
3067.900, -1.819e-9
3068.900, -1.818e-9
3069.900, -1.819e-9
3070.900, -1.818e-9
3071.900, -1.819e-9
3072.900, -1.818e-9
3073.900, -1.818e-9
3074.900, -1.819e-9
3075.900, -1.818e-9
3076.900, -1.818e-9
3077.900, -1.818e-9
3078.900, -1.818e-9
3079.900, -1.819e-9
3080.900, -1.819e-9
3081.900, -1.819e-9
3082.900, -1.819e-9
3083.900, -1.818e-9
3084.900, -1.819e-9
3085.900, -1.817e-9
3086.900, -1.817e-9
3087.900, -1.818e-9
3088.900, -1.817e-9
3089.900, -1.818e-9
3090.900, -1.819e-9
3091.900, -1.818e-9
3092.900, -1.819e-9
3093.900, -1.818e-9
3094.900, -1.819e-9
3095.900, -1.818e-9
3096.900, -1.818e-9
3097.900, -1.818e-9
3098.900, -1.817e-9
3099.900, -1.818e-9
3100.900, -1.817e-9
3101.900, -1.817e-9
3102.900, -1.817e-9
3103.900, -1.816e-9
3104.900, -1.816e-9
3105.900, -1.817e-9
3106.900, -1.816e-9
3107.900, -1.817e-9
3108.900, -1.816e-9
3109.900, -1.816e-9
3110.900, -1.817e-9
3111.900, -1.815e-9
3112.900, -1.817e-9
3113.900, -1.816e-9
3114.900, -1.816e-9
3115.900, -1.817e-9
3116.900, -1.816e-9
3117.900, -1.817e-9
3118.900, -1.817e-9
3119.900, -1.817e-9
3120.900, -1.818e-9
3121.900, -1.816e-9
3122.900, -1.817e-9
3123.900, -1.817e-9
3124.900, -1.816e-9
3125.900, -1.818e-9
3126.900, -1.816e-9
3127.900, -1.817e-9
3128.900, -1.817e-9
3129.900, -1.816e-9
3130.900, -1.817e-9
3131.900, -1.816e-9
3132.900, -1.816e-9
3133.900, -1.816e-9
3134.900, -1.815e-9
3135.900, -1.817e-9
3136.900, -1.816e-9
3137.900, -1.817e-9
3138.900, -1.817e-9
3139.900, -1.816e-9
3140.900, -1.817e-9
3141.900, -1.816e-9
3142.900, -1.816e-9
3143.900, -1.817e-9
3144.900, -1.816e-9
3145.900, -1.817e-9
3146.900, -1.817e-9
3147.900, -1.816e-9
3148.900, -1.818e-9
3149.900, -1.816e-9
3150.900, -1.817e-9
3151.900, -1.817e-9
3152.900, -1.816e-9
3153.900, -1.817e-9
3154.900, -1.816e-9
3155.900, -1.817e-9
3156.900, -1.817e-9
3157.900, -1.816e-9
3158.900, -1.817e-9
3159.900, -1.816e-9
3160.900, -1.816e-9
3161.900, -1.817e-9
3162.900, -1.815e-9
3163.900, -1.817e-9
3164.900, -1.816e-9
3165.900, -1.816e-9
3166.900, -1.817e-9
3167.900, -1.816e-9
3168.900, -1.816e-9
3169.900, -1.817e-9
3170.900, -1.816e-9
3171.900, -1.817e-9
3172.900, -1.817e-9
3173.900, -1.816e-9
3174.900, -1.817e-9
3175.900, -1.816e-9
3176.900, -1.817e-9
3177.900, -1.816e-9
3178.900, -1.816e-9
3179.900, -1.817e-9
3180.900, -1.815e-9
3181.900, -1.817e-9
3182.900, -1.816e-9
3183.900, -1.816e-9
3184.900, -1.816e-9
3185.900, -1.815e-9
3186.900, -1.816e-9
3187.900, -1.816e-9
3188.900, -1.815e-9
3189.900, -1.816e-9
3190.900, -1.815e-9
3191.900, -1.816e-9
3192.900, -1.816e-9
3193.900, -1.815e-9
3194.900, -1.817e-9
3195.900, -1.815e-9
3196.900, -1.816e-9
3197.900, -1.816e-9
3198.900, -1.815e-9
3199.900, -1.816e-9
3200.900, -1.815e-9
3201.900, -1.817e-9
3202.900, -1.815e-9
3203.900, -1.816e-9
3204.900, -1.816e-9
3205.900, -1.815e-9
3206.900, -1.816e-9
3207.900, -1.815e-9
3208.900, -1.816e-9
3209.900, -1.816e-9
3210.900, -1.816e-9
3211.900, -1.816e-9
3212.900, -1.815e-9
3213.900, -1.816e-9
3214.900, -1.816e-9
3215.900, -1.815e-9
3216.900, -1.816e-9
3217.900, -1.815e-9
3218.900, -1.815e-9
3219.900, -1.815e-9
3220.900, -1.815e-9
3221.900, -1.816e-9
3222.900, -1.815e-9
3223.900, -1.815e-9
3224.900, -1.815e-9
3225.900, -1.814e-9
3226.900, -1.816e-9
3227.900, -1.815e-9
3228.900, -1.815e-9
3229.900, -1.816e-9
3230.900, -1.814e-9
3231.900, -1.815e-9
3232.900, -1.815e-9
3233.900, -1.814e-9
3234.900, -1.815e-9
3235.900, -1.814e-9
3236.900, -1.815e-9
3237.900, -1.815e-9
3238.900, -1.814e-9
3239.900, -1.815e-9
3240.900, -1.814e-9
3241.900, -1.815e-9
3242.900, -1.814e-9
3243.900, -1.814e-9
3244.900, -1.815e-9
3245.900, -1.814e-9
3246.900, -1.815e-9
3247.900, -1.815e-9
3248.900, -1.814e-9
3249.900, -1.815e-9
3250.900, -1.814e-9
3251.900, -1.814e-9
3252.900, -1.814e-9
3253.900, -1.814e-9
3254.900, -1.815e-9
3255.900, -1.814e-9
3256.900, -1.814e-9
3257.900, -1.814e-9
3258.900, -1.814e-9
3259.900, -1.815e-9
3260.900, -1.815e-9
3261.900, -1.814e-9
3262.900, -1.815e-9
3263.900, -1.814e-9
3264.900, -1.815e-9
3265.900, -1.815e-9
3266.900, -1.814e-9
3267.900, -1.815e-9
3268.900, -1.814e-9
3269.900, -1.815e-9
3270.900, -1.815e-9
3271.900, -1.814e-9
3272.900, -1.815e-9
3273.900, -1.814e-9
3274.900, -1.814e-9
3275.900, -1.815e-9
3276.900, -1.814e-9
3277.900, -1.815e-9
3278.900, -1.814e-9
3279.900, -1.815e-9
3280.900, -1.815e-9
3281.900, -1.814e-9
3282.900, -1.815e-9
3283.900, -1.814e-9
3284.900, -1.814e-9
3285.900, -1.815e-9
3286.900, -1.814e-9
3287.900, -1.815e-9
3288.900, -1.814e-9
3289.900, -1.814e-9
3290.900, -1.815e-9
3291.900, -1.813e-9
3292.900, -1.814e-9
3293.900, -1.814e-9
3294.900, -1.814e-9
3295.900, -1.815e-9
3296.900, -1.814e-9
3297.900, -1.814e-9
3298.900, -1.814e-9
3299.900, -1.813e-9
3300.900, -1.814e-9
3301.900, -1.814e-9
3302.900, -1.814e-9
3303.900, -1.814e-9
3304.900, -1.813e-9
3305.900, -1.814e-9
3306.900, -1.814e-9
3307.900, -1.813e-9
3308.900, -1.814e-9
3309.900, -1.813e-9
3310.900, -1.814e-9
3311.900, -1.814e-9
3312.900, -1.813e-9
3313.900, -1.814e-9
3314.900, -1.813e-9
3315.900, -1.814e-9
3316.900, -1.814e-9
3317.900, -1.813e-9
3318.900, -1.814e-9
3319.900, -1.813e-9
3320.900, -1.813e-9
3321.900, -1.814e-9
3322.900, -1.813e-9
3323.900, -1.814e-9
3324.900, -1.813e-9
3325.900, -1.813e-9
3326.900, -1.814e-9
3327.900, -1.813e-9
3328.900, -1.813e-9
3329.900, -1.813e-9
3330.900, -1.812e-9
3331.900, -1.813e-9
3332.900, -1.812e-9
3333.900, -1.813e-9
3334.900, -1.813e-9
3335.900, -1.812e-9
3336.900, -1.813e-9
3337.900, -1.812e-9
3338.900, -1.813e-9
3339.900, -1.812e-9
3340.900, -1.812e-9
3341.900, -1.813e-9
3342.900, -1.812e-9
3343.900, -1.812e-9
3344.900, -1.813e-9
3345.900, -1.812e-9
3346.900, -1.813e-9
3347.900, -1.812e-9
3348.900, -1.812e-9
3349.900, -1.813e-9
3350.900, -1.811e-9
3351.900, -1.812e-9
3352.900, -1.812e-9
3353.900, -1.811e-9
3354.900, -1.812e-9
3355.900, -1.811e-9
3356.900, -1.812e-9
3357.900, -1.811e-9
3358.900, -1.811e-9
3359.900, -1.812e-9
3360.900, -1.811e-9
3361.900, -1.812e-9
3362.900, -1.812e-9
3363.900, -1.811e-9
3364.900, -1.812e-9
3365.900, -1.810e-9
3366.900, -1.812e-9
3367.900, -1.811e-9
3368.900, -1.810e-9
3369.900, -1.811e-9
3370.900, -1.810e-9
3371.900, -1.811e-9
3372.900, -1.811e-9
3373.900, -1.810e-9
3374.900, -1.811e-9
3375.900, -1.810e-9
3376.900, -1.810e-9
3377.900, -1.812e-9
3378.900, -1.810e-9
3379.900, -1.811e-9
3380.900, -1.810e-9
3381.900, -1.810e-9
3382.900, -1.811e-9
3383.900, -1.810e-9
3384.900, -1.811e-9
3385.900, -1.810e-9
3386.900, -1.810e-9
3387.900, -1.811e-9
3388.900, -1.810e-9
3389.900, -1.811e-9
3390.900, -1.811e-9
3391.900, -1.810e-9
3392.900, -1.811e-9
3393.900, -1.810e-9
3394.900, -1.811e-9
3395.900, -1.811e-9
3396.900, -1.810e-9
3397.900, -1.811e-9
3398.900, -1.810e-9
3399.900, -1.810e-9
3400.900, -1.810e-9
3401.900, -1.809e-9
3402.900, -1.811e-9
3403.900, -1.810e-9
3404.900, -1.810e-9
3405.900, -1.811e-9
3406.900, -1.809e-9
3407.900, -1.810e-9
3408.900, -1.810e-9
3409.900, -1.809e-9
3410.900, -1.810e-9
3411.900, -1.810e-9
3412.900, -1.810e-9
3413.900, -1.810e-9
3414.900, -1.809e-9
3415.900, -1.811e-9
3416.900, -1.810e-9
3417.900, -1.810e-9
3418.900, -1.811e-9
3419.900, -1.810e-9
3420.900, -1.811e-9
3421.900, -1.810e-9
3422.900, -1.810e-9
3423.900, -1.810e-9
3424.900, -1.809e-9
3425.900, -1.810e-9
3426.900, -1.809e-9
3427.900, -1.809e-9
3428.900, -1.810e-9
3429.900, -1.809e-9
3430.900, -1.810e-9
3431.900, -1.809e-9
3432.900, -1.809e-9
3433.900, -1.809e-9
3434.900, -1.808e-9
3435.900, -1.810e-9
3436.900, -1.810e-9
3437.900, -1.809e-9
3438.900, -1.810e-9
3439.900, -1.808e-9
3440.900, -1.809e-9
3441.900, -1.809e-9
3442.900, -1.808e-9
3443.900, -1.809e-9
3444.900, -1.808e-9
3445.900, -1.808e-9
3446.900, -1.809e-9
3447.900, -1.808e-9
3448.900, -1.809e-9
3449.900, -1.808e-9
3450.900, -1.808e-9
3451.900, -1.809e-9
3452.900, -1.808e-9
3453.900, -1.809e-9
3454.900, -1.809e-9
3455.900, -1.808e-9
3456.900, -1.809e-9
3457.900, -1.807e-9
3458.900, -1.808e-9
3459.900, -1.808e-9
3460.900, -1.807e-9
3461.900, -1.808e-9
3462.900, -1.807e-9
3463.900, -1.808e-9
3464.900, -1.808e-9
3465.900, -1.807e-9
3466.900, -1.809e-9
3467.900, -1.808e-9
3468.900, -1.808e-9
3469.900, -1.808e-9
3470.900, -1.807e-9
3471.900, -1.808e-9
3472.900, -1.807e-9
3473.900, -1.808e-9
3474.900, -1.808e-9
3475.900, -1.807e-9
3476.900, -1.808e-9
3477.900, -1.807e-9
3478.900, -1.807e-9
3479.900, -1.808e-9
3480.900, -1.807e-9
3481.900, -1.808e-9
3482.900, -1.807e-9
3483.900, -1.807e-9
3484.900, -1.808e-9
3485.900, -1.807e-9
3486.900, -1.808e-9
3487.900, -1.807e-9
3488.900, -1.807e-9
3489.900, -1.808e-9
3490.900, -1.807e-9
3491.900, -1.808e-9
3492.900, -1.807e-9
3493.900, -1.807e-9
3494.900, -1.808e-9
3495.900, -1.806e-9
3496.900, -1.807e-9
3497.900, -1.807e-9
3498.900, -1.806e-9
3499.900, -1.807e-9
3500.900, -1.806e-9
3501.900, -1.807e-9
3502.900, -1.807e-9
3503.900, -1.805e-9
3504.900, -1.806e-9
3505.900, -1.805e-9
3506.900, -1.806e-9
3507.900, -1.807e-9
3508.900, -1.805e-9
3509.900, -1.807e-9
3510.900, -1.806e-9
3511.900, -1.806e-9
3512.900, -1.806e-9
3513.900, -1.806e-9
3514.900, -1.806e-9
3515.900, -1.806e-9
3516.900, -1.806e-9
3517.900, -1.806e-9
3518.900, -1.805e-9
3519.900, -1.806e-9
3520.900, -1.806e-9
3521.900, -1.805e-9
3522.900, -1.806e-9
3523.900, -1.804e-9
3524.900, -1.806e-9
3525.900, -1.805e-9
3526.900, -1.804e-9
3527.900, -1.806e-9
3528.900, -1.805e-9
3529.900, -1.805e-9
3530.900, -1.806e-9
3531.900, -1.805e-9
3532.900, -1.806e-9
3533.900, -1.805e-9
3534.900, -1.805e-9
3535.900, -1.806e-9
3536.900, -1.805e-9
3537.900, -1.806e-9
3538.900, -1.805e-9
3539.900, -1.805e-9
3540.900, -1.806e-9
3541.900, -1.804e-9
3542.900, -1.805e-9
3543.900, -1.805e-9
3544.900, -1.804e-9
3545.900, -1.805e-9
3546.900, -1.804e-9
3547.900, -1.805e-9
3548.900, -1.805e-9
3549.900, -1.804e-9
3550.900, -1.805e-9
3551.900, -1.804e-9
3552.900, -1.805e-9
3553.900, -1.805e-9
3554.900, -1.804e-9
3555.900, -1.805e-9
3556.900, -1.804e-9
3557.900, -1.805e-9
3558.900, -1.806e-9
3559.900, -1.804e-9
3560.900, -1.806e-9
3561.900, -1.805e-9
3562.900, -1.805e-9
3563.900, -1.805e-9
3564.900, -1.804e-9
3565.900, -1.805e-9
3566.900, -1.805e-9
3567.900, -1.805e-9
3568.900, -1.805e-9
3569.900, -1.804e-9
3570.900, -1.806e-9
3571.900, -1.805e-9
3572.900, -1.804e-9
3573.900, -1.806e-9
3574.900, -1.803e-9
3575.900, -1.804e-9
3576.900, -1.803e-9
3577.900, -1.803e-9
3578.900, -1.804e-9
3579.900, -1.803e-9
3580.900, -1.804e-9
3581.900, -1.804e-9
3582.900, -1.804e-9
3583.900, -1.805e-9
3584.900, -1.804e-9
3585.900, -1.806e-9
3586.900, -1.806e-9
3587.900, -1.805e-9
3588.900, -1.806e-9
3589.900, -1.805e-9
3590.900, -1.806e-9
3591.900, -1.806e-9
3592.900, -1.805e-9
3593.900, -1.807e-9
3594.900, -1.806e-9
3595.900, -1.806e-9
3596.900, -1.806e-9
3597.900, -1.805e-9
3598.900, -1.806e-9
3599.900, -1.805e-9
3600.900, -1.806e-9
3601.900, -1.806e-9
3602.900, -1.806e-9
3603.900, -1.807e-9
3604.900, -1.806e-9
3605.900, -1.806e-9
3606.900, -1.807e-9
3607.900, -1.805e-9
3608.900, -1.806e-9
3609.900, -1.805e-9
3610.900, -1.806e-9
3611.900, -1.806e-9
3612.900, -1.805e-9
3613.900, -1.806e-9
3614.900, -1.806e-9
3615.900, -1.805e-9
3616.900, -1.806e-9
3617.900, -1.805e-9
3618.900, -1.806e-9
3619.900, -1.805e-9
3620.900, -1.805e-9
3621.900, -1.806e-9
3622.900, -1.804e-9
3623.900, -1.805e-9
3624.900, -1.805e-9
3625.900, -1.804e-9
3626.900, -1.805e-9
3627.900, -1.804e-9
3628.900, -1.804e-9
3629.900, -1.804e-9
3630.900, -1.803e-9
3631.900, -1.804e-9
3632.900, -1.804e-9
3633.900, -1.804e-9
3634.900, -1.804e-9
3635.900, -1.803e-9
3636.900, -1.804e-9
3637.900, -1.804e-9
3638.900, -1.803e-9
3639.900, -1.804e-9
3640.900, -1.803e-9
3641.900, -1.803e-9
3642.900, -1.803e-9
3643.900, -1.803e-9
3644.900, -1.804e-9
3645.900, -1.803e-9
3646.900, -1.803e-9
3647.900, -1.803e-9
3648.900, -1.802e-9
3649.900, -1.803e-9
3650.900, -1.802e-9
3651.900, -1.802e-9
3652.900, -1.803e-9
3653.900, -1.802e-9
3654.900, -1.803e-9
3655.900, -1.802e-9
3656.900, -1.802e-9
3657.900, -1.803e-9
3658.900, -1.802e-9
3659.900, -1.802e-9
3660.900, -1.802e-9
3661.900, -1.802e-9
3662.900, -1.803e-9
3663.900, -1.802e-9
3664.900, -1.802e-9
3665.900, -1.802e-9
3666.900, -1.801e-9
3667.900, -1.802e-9
3668.900, -1.801e-9
3669.900, -1.802e-9
3670.900, -1.802e-9
3671.900, -1.801e-9
3672.900, -1.802e-9
3673.900, -1.801e-9
3674.900, -1.801e-9
3675.900, -1.802e-9
3676.900, -1.801e-9
3677.900, -1.802e-9
3678.900, -1.801e-9
3679.900, -1.801e-9
3680.900, -1.801e-9
3681.900, -1.800e-9
3682.900, -1.801e-9
3683.900, -1.801e-9
3684.900, -1.801e-9
3685.900, -1.802e-9
3686.900, -1.800e-9
3687.900, -1.801e-9
3688.900, -1.801e-9
3689.900, -1.800e-9
3690.900, -1.801e-9
3691.900, -1.800e-9
3692.900, -1.801e-9
3693.900, -1.801e-9
3694.900, -1.800e-9
3695.900, -1.801e-9
3696.900, -1.800e-9
3697.900, -1.800e-9
3698.900, -1.800e-9
3699.900, -1.800e-9
3700.900, -1.801e-9
3701.900, -1.800e-9
3702.900, -1.800e-9
3703.900, -1.801e-9
3704.900, -1.799e-9
3705.900, -1.800e-9
3706.900, -1.800e-9
3707.900, -1.800e-9
3708.900, -1.800e-9
3709.900, -1.799e-9
3710.900, -1.801e-9
3711.900, -1.800e-9
3712.900, -1.800e-9
3713.900, -1.800e-9
3714.900, -1.799e-9
3715.900, -1.800e-9
3716.900, -1.799e-9
3717.900, -1.799e-9
3718.900, -1.800e-9
3719.900, -1.799e-9
3720.900, -1.799e-9
3721.900, -1.799e-9
3722.900, -1.798e-9
3723.900, -1.799e-9
3724.900, -1.798e-9
3725.900, -1.798e-9
3726.900, -1.799e-9
3727.900, -1.798e-9
3728.900, -1.799e-9
3729.900, -1.798e-9
3730.900, -1.798e-9
3731.900, -1.798e-9
3732.900, -1.797e-9
3733.900, -1.799e-9
3734.900, -1.798e-9
3735.900, -1.798e-9
3736.900, -1.798e-9
3737.900, -1.797e-9
3738.900, -1.798e-9
3739.900, -1.798e-9
3740.900, -1.797e-9
3741.900, -1.799e-9
3742.900, -1.798e-9
3743.900, -1.798e-9
3744.900, -1.798e-9
3745.900, -1.797e-9
3746.900, -1.798e-9
3747.900, -1.797e-9
3748.900, -1.797e-9
3749.900, -1.798e-9
3750.900, -1.797e-9
3751.900, -1.798e-9
3752.900, -1.797e-9
3753.900, -1.797e-9
3754.900, -1.798e-9
3755.900, -1.796e-9
3756.900, -1.797e-9
3757.900, -1.796e-9
3758.900, -1.797e-9
3759.900, -1.797e-9
3760.900, -1.796e-9
3761.900, -1.797e-9
3762.900, -1.797e-9
3763.900, -1.796e-9
3764.900, -1.797e-9
3765.900, -1.796e-9
3766.900, -1.796e-9
3767.900, -1.797e-9
3768.900, -1.795e-9
3769.900, -1.796e-9
3770.900, -1.796e-9
3771.900, -1.796e-9
3772.900, -1.797e-9
3773.900, -1.795e-9
3774.900, -1.796e-9
3775.900, -1.796e-9
3776.900, -1.795e-9
3777.900, -1.796e-9
3778.900, -1.795e-9
3779.900, -1.796e-9
3780.900, -1.796e-9
3781.900, -1.795e-9
3782.900, -1.796e-9
3783.900, -1.795e-9
3784.900, -1.796e-9
3785.900, -1.796e-9
3786.900, -1.795e-9
3787.900, -1.796e-9
3788.900, -1.796e-9
3789.900, -1.795e-9
3790.900, -1.796e-9
3791.900, -1.794e-9
3792.900, -1.795e-9
3793.900, -1.795e-9
3794.900, -1.794e-9
3795.900, -1.796e-9
3796.900, -1.794e-9
3797.900, -1.795e-9
3798.900, -1.795e-9
3799.900, -1.794e-9
3800.900, -1.795e-9
3801.900, -1.794e-9
3802.900, -1.795e-9
3803.900, -1.795e-9
3804.900, -1.794e-9
3805.900, -1.795e-9
3806.900, -1.795e-9
3807.900, -1.794e-9
3808.900, -1.795e-9
3809.900, -1.793e-9
3810.900, -1.794e-9
3811.900, -1.794e-9
3812.900, -1.794e-9
3813.900, -1.795e-9
3814.900, -1.793e-9
3815.900, -1.794e-9
3816.900, -1.794e-9
3817.900, -1.793e-9
3818.900, -1.794e-9
3819.900, -1.794e-9
3820.900, -1.794e-9
3821.900, -1.794e-9
3822.900, -1.793e-9
3823.900, -1.794e-9
3824.900, -1.793e-9
3825.900, -1.793e-9
3826.900, -1.794e-9
3827.900, -1.793e-9
3828.900, -1.794e-9
3829.900, -1.793e-9
3830.900, -1.793e-9
3831.900, -1.794e-9
3832.900, -1.793e-9
3833.900, -1.793e-9
3834.900, -1.792e-9
3835.900, -1.792e-9
3836.900, -1.793e-9
3837.900, -1.792e-9
3838.900, -1.793e-9
3839.900, -1.793e-9
3840.900, -1.792e-9
3841.900, -1.793e-9
3842.900, -1.792e-9
3843.900, -1.793e-9
3844.900, -1.793e-9
3845.900, -1.792e-9
3846.900, -1.793e-9
3847.900, -1.792e-9
3848.900, -1.793e-9
3849.900, -1.792e-9
3850.900, -1.792e-9
3851.900, -1.793e-9
3852.900, -1.792e-9
3853.900, -1.792e-9
3854.900, -1.793e-9
3855.900, -1.792e-9
3856.900, -1.793e-9
3857.900, -1.792e-9
3858.900, -1.792e-9
3859.900, -1.792e-9
3860.900, -1.791e-9
3861.900, -1.792e-9
3862.900, -1.791e-9
3863.900, -1.791e-9
3864.900, -1.792e-9
3865.900, -1.791e-9
3866.900, -1.792e-9
3867.900, -1.791e-9
3868.900, -1.791e-9
3869.900, -1.792e-9
3870.900, -1.791e-9
3871.900, -1.792e-9
3872.900, -1.791e-9
3873.900, -1.791e-9
3874.900, -1.792e-9
3875.900, -1.791e-9
3876.900, -1.791e-9
3877.900, -1.791e-9
3878.900, -1.791e-9
3879.900, -1.792e-9
3880.900, -1.791e-9
3881.900, -1.791e-9
3882.900, -1.792e-9
3883.900, -1.791e-9
3884.900, -1.792e-9
3885.900, -1.791e-9
3886.900, -1.791e-9
3887.900, -1.792e-9
3888.900, -1.791e-9
3889.900, -1.792e-9
3890.900, -1.791e-9
3891.900, -1.791e-9
3892.900, -1.792e-9
3893.900, -1.790e-9
3894.900, -1.792e-9
3895.900, -1.791e-9
3896.900, -1.791e-9
3897.900, -1.792e-9
3898.900, -1.790e-9
3899.900, -1.791e-9
3900.900, -1.790e-9
3901.900, -1.790e-9
3902.900, -1.791e-9
3903.900, -1.790e-9
3904.900, -1.791e-9
3905.900, -1.791e-9
3906.900, -1.790e-9
3907.900, -1.791e-9
3908.900, -1.790e-9
3909.900, -1.791e-9
3910.900, -1.790e-9
3911.900, -1.790e-9
3912.900, -1.791e-9
3913.900, -1.789e-9
3914.900, -1.790e-9
3915.900, -1.790e-9
3916.900, -1.789e-9
3917.900, -1.791e-9
3918.900, -1.789e-9
3919.900, -1.790e-9
3920.900, -1.790e-9
3921.900, -1.789e-9
3922.900, -1.791e-9
3923.900, -1.790e-9
3924.900, -1.790e-9
3925.900, -1.790e-9
3926.900, -1.789e-9
3927.900, -1.790e-9
3928.900, -1.790e-9
3929.900, -1.790e-9
3930.900, -1.790e-9
3931.900, -1.789e-9
3932.900, -1.790e-9
3933.900, -1.789e-9
3934.900, -1.789e-9
3935.900, -1.790e-9
3936.900, -1.789e-9
3937.900, -1.790e-9
3938.900, -1.789e-9
3939.900, -1.789e-9
3940.900, -1.790e-9
3941.900, -1.789e-9
3942.900, -1.789e-9
3943.900, -1.789e-9
3944.900, -1.788e-9
3945.900, -1.790e-9
3946.900, -1.789e-9
3947.900, -1.789e-9
3948.900, -1.789e-9
3949.900, -1.788e-9
3950.900, -1.790e-9
3951.900, -1.789e-9
3952.900, -1.789e-9
3953.900, -1.790e-9
3954.900, -1.788e-9
3955.900, -1.790e-9
3956.900, -1.789e-9
3957.900, -1.789e-9
3958.900, -1.790e-9
3959.900, -1.788e-9
3960.900, -1.790e-9
3961.900, -1.789e-9
3962.900, -1.789e-9
3963.900, -1.789e-9
3964.900, -1.788e-9
3965.900, -1.789e-9
3966.900, -1.788e-9
3967.900, -1.788e-9
3968.900, -1.789e-9
3969.900, -1.788e-9
3970.900, -1.789e-9
3971.900, -1.789e-9
3972.900, -1.788e-9
3973.900, -1.789e-9
3974.900, -1.787e-9
3975.900, -1.788e-9
3976.900, -1.789e-9
3977.900, -1.788e-9
3978.900, -1.789e-9
3979.900, -1.788e-9
3980.900, -1.788e-9
3981.900, -1.789e-9
3982.900, -1.788e-9
3983.900, -1.789e-9
3984.900, -1.788e-9
3985.900, -1.788e-9
3986.900, -1.789e-9
3987.900, -1.788e-9
3988.900, -1.789e-9
3989.900, -1.788e-9
3990.900, -1.788e-9
3991.900, -1.789e-9
3992.900, -1.788e-9
3993.900, -1.788e-9
3994.900, -1.788e-9
3995.900, -1.787e-9
3996.900, -1.788e-9
3997.900, -1.788e-9
3998.900, -1.788e-9
3999.900, -1.788e-9
4000.900, -1.787e-9
4001.900, -1.788e-9
4002.900, -1.787e-9
4003.900, -1.788e-9
4004.900, -1.788e-9
4005.900, -1.787e-9
4006.900, -1.788e-9
4007.900, -1.787e-9
4008.900, -1.787e-9
4009.900, -1.788e-9
4010.900, -1.787e-9
4011.900, -1.788e-9
4012.900, -1.788e-9
4013.900, -1.787e-9
4014.900, -1.788e-9
4015.900, -1.786e-9
4016.900, -1.787e-9
4017.900, -1.786e-9
4018.900, -1.787e-9
4019.900, -1.787e-9
4020.900, -1.786e-9
4021.900, -1.787e-9
4022.900, -1.787e-9
4023.900, -1.786e-9
4024.900, -1.788e-9
4025.900, -1.786e-9
4026.900, -1.787e-9
4027.900, -1.787e-9
4028.900, -1.786e-9
4029.900, -1.787e-9
4030.900, -1.786e-9
4031.900, -1.787e-9
4032.900, -1.787e-9
4033.900, -1.786e-9
4034.900, -1.787e-9
4035.900, -1.786e-9
4036.900, -1.787e-9
4037.900, -1.786e-9
4038.900, -1.786e-9
4039.900, -1.787e-9
4040.900, -1.786e-9
4041.900, -1.786e-9
4042.900, -1.786e-9
4043.900, -1.786e-9
4044.900, -1.787e-9
4045.900, -1.786e-9
4046.900, -1.786e-9
4047.900, -1.786e-9
4048.900, -1.785e-9
4049.900, -1.786e-9
4050.900, -1.786e-9
4051.900, -1.786e-9
4052.900, -1.786e-9
4053.900, -1.785e-9
4054.900, -1.786e-9
4055.900, -1.785e-9
4056.900, -1.786e-9
4057.900, -1.786e-9
4058.900, -1.785e-9
4059.900, -1.786e-9
4060.900, -1.786e-9
4061.900, -1.785e-9
4062.900, -1.786e-9
4063.900, -1.785e-9
4064.900, -1.786e-9
4065.900, -1.785e-9
4066.900, -1.785e-9
4067.900, -1.786e-9
4068.900, -1.785e-9
4069.900, -1.786e-9
4070.900, -1.785e-9
4071.900, -1.785e-9
4072.900, -1.786e-9
4073.900, -1.785e-9
4074.900, -1.785e-9
4075.900, -1.785e-9
4076.900, -1.785e-9
4077.900, -1.786e-9
4078.900, -1.784e-9
4079.900, -1.785e-9
4080.900, -1.785e-9
4081.900, -1.785e-9
4082.900, -1.786e-9
4083.900, -1.784e-9
4084.900, -1.785e-9
4085.900, -1.785e-9
4086.900, -1.784e-9
4087.900, -1.785e-9
4088.900, -1.784e-9
4089.900, -1.785e-9
4090.900, -1.784e-9
4091.900, -1.783e-9
4092.900, -1.786e-9
4093.900, -1.784e-9
4094.900, -1.784e-9
4095.900, -1.784e-9
4096.900, -1.783e-9
4097.900, -1.784e-9
4098.900, -1.784e-9
4099.900, -1.783e-9
4100.900, -1.784e-9
4101.900, -1.783e-9
4102.900, -1.784e-9
4103.900, -1.784e-9
4104.900, -1.784e-9
4105.900, -1.784e-9
4106.900, -1.783e-9
4107.900, -1.784e-9
4108.900, -1.784e-9
4109.900, -1.783e-9
4110.900, -1.784e-9
4111.900, -1.783e-9
4112.900, -1.784e-9
4113.900, -1.783e-9
4114.900, -1.782e-9
4115.900, -1.783e-9
4116.900, -1.783e-9
4117.900, -1.782e-9
4118.900, -1.783e-9
4119.900, -1.782e-9
4120.900, -1.783e-9
4121.900, -1.783e-9
4122.900, -1.782e-9
4123.900, -1.783e-9
4124.900, -1.782e-9
4125.900, -1.783e-9
4126.900, -1.782e-9
4127.900, -1.782e-9
4128.900, -1.783e-9
4129.900, -1.782e-9
4130.900, -1.783e-9
4131.900, -1.782e-9
4132.900, -1.782e-9
4133.900, -1.783e-9
4134.900, -1.781e-9
4135.900, -1.782e-9
4136.900, -1.782e-9
4137.900, -1.781e-9
4138.900, -1.782e-9
4139.900, -1.782e-9
4140.900, -1.781e-9
4141.900, -1.782e-9
4142.900, -1.781e-9
4143.900, -1.782e-9
4144.900, -1.781e-9
4145.900, -1.781e-9
4146.900, -1.782e-9
4147.900, -1.781e-9
4148.900, -1.782e-9
4149.900, -1.781e-9
4150.900, -1.782e-9
4151.900, -1.782e-9
4152.900, -1.781e-9
4153.900, -1.782e-9
4154.900, -1.781e-9
4155.900, -1.781e-9
4156.900, -1.782e-9
4157.900, -1.781e-9
4158.900, -1.781e-9
4159.900, -1.781e-9
4160.900, -1.780e-9
4161.900, -1.781e-9
4162.900, -1.780e-9
4163.900, -1.781e-9
4164.900, -1.780e-9
4165.900, -1.780e-9
4166.900, -1.781e-9
4167.900, -1.780e-9
4168.900, -1.780e-9
4169.900, -1.780e-9
4170.900, -1.780e-9
4171.900, -1.781e-9
4172.900, -1.780e-9
4173.900, -1.780e-9
4174.900, -1.781e-9
4175.900, -1.779e-9
4176.900, -1.781e-9
4177.900, -1.779e-9
4178.900, -1.780e-9
4179.900, -1.780e-9
4180.900, -1.779e-9
4181.900, -1.781e-9
4182.900, -1.780e-9
4183.900, -1.779e-9
4184.900, -1.780e-9
4185.900, -1.779e-9
4186.900, -1.779e-9
4187.900, -1.779e-9
4188.900, -1.778e-9
4189.900, -1.780e-9
4190.900, -1.778e-9
4191.900, -1.779e-9
4192.900, -1.779e-9
4193.900, -1.778e-9
4194.900, -1.779e-9
4195.900, -1.778e-9
4196.900, -1.778e-9
4197.900, -1.779e-9
4198.900, -1.778e-9
4199.900, -1.779e-9
4200.900, -1.778e-9
4201.900, -1.778e-9
4202.900, -1.779e-9
4203.900, -1.778e-9
4204.900, -1.779e-9
4205.900, -1.778e-9
4206.900, -1.778e-9
4207.900, -1.779e-9
4208.900, -1.778e-9
4209.900, -1.779e-9
4210.900, -1.779e-9
4211.900, -1.778e-9
4212.900, -1.779e-9
4213.900, -1.778e-9
4214.900, -1.778e-9
4215.900, -1.779e-9
4216.900, -1.778e-9
4217.900, -1.779e-9
4218.900, -1.778e-9
4219.900, -1.778e-9
4220.900, -1.779e-9
4221.900, -1.777e-9
4222.900, -1.779e-9
4223.900, -1.778e-9
4224.900, -1.777e-9
4225.900, -1.778e-9
4226.900, -1.777e-9
4227.900, -1.778e-9
4228.900, -1.777e-9
4229.900, -1.777e-9
4230.900, -1.778e-9
4231.900, -1.778e-9
4232.900, -1.777e-9
4233.900, -1.777e-9
4234.900, -1.777e-9
4235.900, -1.778e-9
4236.900, -1.777e-9
4237.900, -1.777e-9
4238.900, -1.778e-9
4239.900, -1.776e-9
4240.900, -1.777e-9
4241.900, -1.777e-9
4242.900, -1.777e-9
4243.900, -1.778e-9
4244.900, -1.776e-9
4245.900, -1.777e-9
4246.900, -1.777e-9
4247.900, -1.776e-9
4248.900, -1.777e-9
4249.900, -1.776e-9
4250.900, -1.777e-9
4251.900, -1.777e-9
4252.900, -1.776e-9
4253.900, -1.777e-9
4254.900, -1.777e-9
4255.900, -1.777e-9
4256.900, -1.777e-9
4257.900, -1.775e-9
4258.900, -1.777e-9
4259.900, -1.776e-9
4260.900, -1.776e-9
4261.900, -1.777e-9
4262.900, -1.776e-9
4263.900, -1.777e-9
4264.900, -1.776e-9
4265.900, -1.776e-9
4266.900, -1.777e-9
4267.900, -1.775e-9
4268.900, -1.777e-9
4269.900, -1.776e-9
4270.900, -1.776e-9
4271.900, -1.777e-9
4272.900, -1.775e-9
4273.900, -1.776e-9
4274.900, -1.776e-9
4275.900, -1.776e-9
4276.900, -1.776e-9
4277.900, -1.775e-9
4278.900, -1.776e-9
4279.900, -1.775e-9
4280.900, -1.775e-9
4281.900, -1.776e-9
4282.900, -1.775e-9
4283.900, -1.774e-9
4284.900, -1.774e-9
4285.900, -1.773e-9
4286.900, -1.774e-9
4287.900, -1.773e-9
4288.900, -1.773e-9
4289.900, -1.773e-9
4290.900, -1.773e-9
4291.900, -1.774e-9
4292.900, -1.773e-9
4293.900, -1.773e-9
4294.900, -1.774e-9
4295.900, -1.773e-9
4296.900, -1.774e-9
4297.900, -1.772e-9
4298.900, -1.773e-9
4299.900, -1.773e-9
4300.900, -1.773e-9
4301.900, -1.774e-9
4302.900, -1.773e-9
4303.900, -1.773e-9
4304.900, -1.774e-9
4305.900, -1.772e-9
4306.900, -1.773e-9
4307.900, -1.773e-9
4308.900, -1.772e-9
4309.900, -1.774e-9
4310.900, -1.772e-9
4311.900, -1.773e-9
4312.900, -1.773e-9
4313.900, -1.773e-9
4314.900, -1.773e-9
4315.900, -1.772e-9
4316.900, -1.772e-9
4317.900, -1.772e-9
4318.900, -1.772e-9
4319.900, -1.772e-9
4320.900, -1.771e-9
4321.900, -1.772e-9
4322.900, -1.772e-9
4323.900, -1.771e-9
4324.900, -1.772e-9
4325.900, -1.771e-9
4326.900, -1.771e-9
4327.900, -1.772e-9
4328.900, -1.770e-9
4329.900, -1.772e-9
4330.900, -1.770e-9
4331.900, -1.771e-9
4332.900, -1.771e-9
4333.900, -1.770e-9
4334.900, -1.771e-9
4335.900, -1.770e-9
4336.900, -1.770e-9
4337.900, -1.771e-9
4338.900, -1.769e-9
4339.900, -1.770e-9
4340.900, -1.770e-9
4341.900, -1.769e-9
4342.900, -1.770e-9
4343.900, -1.769e-9
4344.900, -1.770e-9
4345.900, -1.769e-9
4346.900, -1.768e-9
4347.900, -1.769e-9
4348.900, -1.768e-9
4349.900, -1.769e-9
4350.900, -1.769e-9
4351.900, -1.768e-9
4352.900, -1.769e-9
4353.900, -1.768e-9
4354.900, -1.768e-9
4355.900, -1.768e-9
4356.900, -1.767e-9
4357.900, -1.768e-9
4358.900, -1.767e-9
4359.900, -1.768e-9
4360.900, -1.768e-9
4361.900, -1.766e-9
4362.900, -1.767e-9
4363.900, -1.767e-9
4364.900, -1.766e-9
4365.900, -1.767e-9
4366.900, -1.766e-9
4367.900, -1.767e-9
4368.900, -1.766e-9
4369.900, -1.765e-9
4370.900, -1.767e-9
4371.900, -1.765e-9
4372.900, -1.766e-9
4373.900, -1.766e-9
4374.900, -1.765e-9
4375.900, -1.766e-9
4376.900, -1.765e-9
4377.900, -1.765e-9
4378.900, -1.765e-9
4379.900, -1.764e-9
4380.900, -1.765e-9
4381.900, -1.764e-9
4382.900, -1.764e-9
4383.900, -1.765e-9
4384.900, -1.764e-9
4385.900, -1.765e-9
4386.900, -1.764e-9
4387.900, -1.764e-9
4388.900, -1.764e-9
4389.900, -1.763e-9
4390.900, -1.764e-9
4391.900, -1.764e-9
4392.900, -1.763e-9
4393.900, -1.765e-9
4394.900, -1.763e-9
4395.900, -1.764e-9
4396.900, -1.763e-9
4397.900, -1.763e-9
4398.900, -1.764e-9
4399.900, -1.763e-9
4400.900, -1.764e-9
4401.900, -1.764e-9
4402.900, -1.763e-9
4403.900, -1.764e-9
4404.900, -1.763e-9
4405.900, -1.764e-9
4406.900, -1.763e-9
4407.900, -1.763e-9
4408.900, -1.764e-9
4409.900, -1.762e-9
4410.900, -1.763e-9
4411.900, -1.763e-9
4412.900, -1.762e-9
4413.900, -1.763e-9
4414.900, -1.762e-9
4415.900, -1.763e-9
4416.900, -1.763e-9
4417.900, -1.762e-9
4418.900, -1.763e-9
4419.900, -1.762e-9
4420.900, -1.762e-9
4421.900, -1.762e-9
4422.900, -1.761e-9
4423.900, -1.763e-9
4424.900, -1.762e-9
4425.900, -1.762e-9
4426.900, -1.763e-9
4427.900, -1.762e-9
4428.900, -1.763e-9
4429.900, -1.762e-9
4430.900, -1.762e-9
4431.900, -1.763e-9
4432.900, -1.762e-9
4433.900, -1.763e-9
4434.900, -1.763e-9
4435.900, -1.762e-9
4436.900, -1.763e-9
4437.900, -1.762e-9
4438.900, -1.762e-9
4439.900, -1.762e-9
4440.900, -1.761e-9
4441.900, -1.763e-9
4442.900, -1.762e-9
4443.900, -1.763e-9
4444.900, -1.764e-9
4445.900, -1.764e-9
4446.900, -1.765e-9
4447.900, -1.764e-9
4448.900, -1.764e-9
4449.900, -1.764e-9
4450.900, -1.762e-9
4451.900, -1.762e-9
4452.900, -1.760e-9
4453.900, -1.760e-9
4454.900, -1.762e-9
4455.900, -1.762e-9
4456.900, -1.763e-9
4457.900, -1.762e-9
4458.900, -1.762e-9
4459.900, -1.762e-9
4460.900, -1.761e-9
4461.900, -1.763e-9
4462.900, -1.762e-9
4463.900, -1.761e-9
4464.900, -1.762e-9
4465.900, -1.761e-9
4466.900, -1.762e-9
4467.900, -1.761e-9
4468.900, -1.761e-9
4469.900, -1.762e-9
4470.900, -1.761e-9
4471.900, -1.761e-9
4472.900, -1.761e-9
4473.900, -1.761e-9
4474.900, -1.761e-9
4475.900, -1.760e-9
4476.900, -1.760e-9
4477.900, -1.761e-9
4478.900, -1.760e-9
4479.900, -1.762e-9
4480.900, -1.761e-9
4481.900, -1.761e-9
4482.900, -1.761e-9
4483.900, -1.760e-9
4484.900, -1.761e-9
4485.900, -1.760e-9
4486.900, -1.760e-9
4487.900, -1.761e-9
4488.900, -1.760e-9
4489.900, -1.761e-9
4490.900, -1.761e-9
4491.900, -1.760e-9
4492.900, -1.761e-9
4493.900, -1.761e-9
4494.900, -1.762e-9
4495.900, -1.761e-9
4496.900, -1.760e-9
4497.900, -1.761e-9
4498.900, -1.760e-9
4499.900, -1.761e-9
4500.900, -1.761e-9
4501.900, -1.760e-9
4502.900, -1.761e-9
4503.900, -1.760e-9
4504.900, -1.761e-9
4505.900, -1.761e-9
4506.900, -1.760e-9
4507.900, -1.761e-9
4508.900, -1.760e-9
4509.900, -1.760e-9
4510.900, -1.760e-9
4511.900, -1.759e-9
4512.900, -1.761e-9
4513.900, -1.760e-9
4514.900, -1.760e-9
4515.900, -1.761e-9
4516.900, -1.761e-9
4517.900, -1.762e-9
4518.900, -1.763e-9
4519.900, -1.762e-9
4520.900, -1.764e-9
4521.900, -1.762e-9
4522.900, -1.764e-9
4523.900, -1.763e-9
4524.900, -1.762e-9
4525.900, -1.763e-9
4526.900, -1.762e-9
4527.900, -1.763e-9
4528.900, -1.763e-9
4529.900, -1.762e-9
4530.900, -1.763e-9
4531.900, -1.763e-9
4532.900, -1.763e-9
4533.900, -1.765e-9
4534.900, -1.763e-9
4535.900, -1.764e-9
4536.900, -1.763e-9
4537.900, -1.763e-9
4538.900, -1.763e-9
4539.900, -1.762e-9
4540.900, -1.763e-9
4541.900, -1.763e-9
4542.900, -1.763e-9
4543.900, -1.764e-9
4544.900, -1.763e-9
4545.900, -1.763e-9
4546.900, -1.763e-9
4547.900, -1.763e-9
4548.900, -1.764e-9
4549.900, -1.763e-9
4550.900, -1.763e-9
4551.900, -1.763e-9
4552.900, -1.763e-9
4553.900, -1.764e-9
4554.900, -1.763e-9
4555.900, -1.763e-9
4556.900, -1.763e-9
4557.900, -1.762e-9
4558.900, -1.763e-9
4559.900, -1.763e-9
4560.900, -1.763e-9
4561.900, -1.764e-9
4562.900, -1.763e-9
4563.900, -1.764e-9
4564.900, -1.763e-9
4565.900, -1.763e-9
4566.900, -1.764e-9
4567.900, -1.763e-9
4568.900, -1.764e-9
4569.900, -1.763e-9
4570.900, -1.763e-9
4571.900, -1.764e-9
4572.900, -1.763e-9
4573.900, -1.764e-9
4574.900, -1.764e-9
4575.900, -1.763e-9
4576.900, -1.764e-9
4577.900, -1.762e-9
4578.900, -1.763e-9
4579.900, -1.763e-9
4580.900, -1.762e-9
4581.900, -1.763e-9
4582.900, -1.763e-9
4583.900, -1.763e-9
4584.900, -1.764e-9
4585.900, -1.763e-9
4586.900, -1.764e-9
4587.900, -1.763e-9
4588.900, -1.763e-9
4589.900, -1.764e-9
4590.900, -1.762e-9
4591.900, -1.764e-9
4592.900, -1.763e-9
4593.900, -1.763e-9
4594.900, -1.764e-9
4595.900, -1.763e-9
4596.900, -1.764e-9
4597.900, -1.764e-9
4598.900, -1.763e-9
4599.900, -1.764e-9
4600.900, -1.763e-9
4601.900, -1.763e-9
4602.900, -1.764e-9
4603.900, -1.763e-9
4604.900, -1.764e-9
4605.900, -1.764e-9
4606.900, -1.764e-9
4607.900, -1.764e-9
4608.900, -1.763e-9
4609.900, -1.764e-9
4610.900, -1.764e-9
4611.900, -1.763e-9
4612.900, -1.764e-9
4613.900, -1.763e-9
4614.900, -1.765e-9
4615.900, -1.764e-9
4616.900, -1.765e-9
4617.900, -1.764e-9
4618.900, -1.763e-9
4619.900, -1.764e-9
4620.900, -1.764e-9
4621.900, -1.764e-9
4622.900, -1.765e-9
4623.900, -1.764e-9
4624.900, -1.765e-9
4625.900, -1.765e-9
4626.900, -1.764e-9
4627.900, -1.766e-9
4628.900, -1.764e-9
4629.900, -1.764e-9
4630.900, -1.765e-9
4631.900, -1.764e-9
4632.900, -1.766e-9
4633.900, -1.765e-9
4634.900, -1.765e-9
4635.900, -1.766e-9
4636.900, -1.764e-9
4637.900, -1.765e-9
4638.900, -1.765e-9
4639.900, -1.765e-9
4640.900, -1.766e-9
4641.900, -1.765e-9
4642.900, -1.766e-9
4643.900, -1.766e-9
4644.900, -1.765e-9
4645.900, -1.766e-9
4646.900, -1.765e-9
4647.900, -1.766e-9
4648.900, -1.766e-9
4649.900, -1.765e-9
4650.900, -1.766e-9
4651.900, -1.765e-9
4652.900, -1.766e-9
4653.900, -1.767e-9
4654.900, -1.766e-9
4655.900, -1.767e-9
4656.900, -1.766e-9
4657.900, -1.766e-9
4658.900, -1.766e-9
4659.900, -1.765e-9
4660.900, -1.766e-9
4661.900, -1.765e-9
4662.900, -1.766e-9
4663.900, -1.767e-9
4664.900, -1.766e-9
4665.900, -1.767e-9
4666.900, -1.766e-9
4667.900, -1.766e-9
4668.900, -1.767e-9
4669.900, -1.765e-9
4670.900, -1.767e-9
4671.900, -1.766e-9
4672.900, -1.766e-9
4673.900, -1.767e-9
4674.900, -1.766e-9
4675.900, -1.767e-9
4676.900, -1.767e-9
4677.900, -1.766e-9
4678.900, -1.767e-9
4679.900, -1.766e-9
4680.900, -1.766e-9
4681.900, -1.766e-9
4682.900, -1.766e-9
4683.900, -1.767e-9
4684.900, -1.766e-9
4685.900, -1.766e-9
4686.900, -1.767e-9
4687.900, -1.766e-9
4688.900, -1.767e-9
4689.900, -1.766e-9
4690.900, -1.766e-9
4691.900, -1.767e-9
4692.900, -1.766e-9
4693.900, -1.766e-9
4694.900, -1.766e-9
4695.900, -1.766e-9
4696.900, -1.766e-9
4697.900, -1.765e-9
4698.900, -1.767e-9
4699.900, -1.766e-9
4700.900, -1.765e-9
4701.900, -1.766e-9
4702.900, -1.765e-9
4703.900, -1.766e-9
4704.900, -1.766e-9
4705.900, -1.765e-9
4706.900, -1.767e-9
4707.900, -1.766e-9
4708.900, -1.766e-9
4709.900, -1.767e-9
4710.900, -1.766e-9
4711.900, -1.766e-9
4712.900, -1.766e-9
4713.900, -1.766e-9
4714.900, -1.766e-9
4715.900, -1.765e-9
4716.900, -1.766e-9
4717.900, -1.766e-9
4718.900, -1.765e-9
4719.900, -1.766e-9
4720.900, -1.765e-9
4721.900, -1.766e-9
4722.900, -1.766e-9
4723.900, -1.765e-9
4724.900, -1.766e-9
4725.900, -1.765e-9
4726.900, -1.765e-9
4727.900, -1.765e-9
4728.900, -1.765e-9
4729.900, -1.766e-9
4730.900, -1.765e-9
4731.900, -1.765e-9
4732.900, -1.766e-9
4733.900, -1.765e-9
4734.900, -1.766e-9
4735.900, -1.765e-9
4736.900, -1.765e-9
4737.900, -1.766e-9
4738.900, -1.765e-9
4739.900, -1.766e-9
4740.900, -1.765e-9
4741.900, -1.765e-9
4742.900, -1.766e-9
4743.900, -1.765e-9
4744.900, -1.766e-9
4745.900, -1.765e-9
4746.900, -1.765e-9
4747.900, -1.766e-9
4748.900, -1.764e-9
4749.900, -1.766e-9
4750.900, -1.765e-9
4751.900, -1.765e-9
4752.900, -1.766e-9
4753.900, -1.765e-9
4754.900, -1.766e-9
4755.900, -1.766e-9
4756.900, -1.765e-9
4757.900, -1.766e-9
4758.900, -1.764e-9
4759.900, -1.765e-9
4760.900, -1.765e-9
4761.900, -1.765e-9
4762.900, -1.766e-9
4763.900, -1.765e-9
4764.900, -1.765e-9
4765.900, -1.765e-9
4766.900, -1.765e-9
4767.900, -1.765e-9
4768.900, -1.764e-9
4769.900, -1.765e-9
4770.900, -1.765e-9
4771.900, -1.765e-9
4772.900, -1.766e-9
4773.900, -1.765e-9
4774.900, -1.765e-9
4775.900, -1.765e-9
4776.900, -1.764e-9
4777.900, -1.765e-9
4778.900, -1.765e-9
4779.900, -1.765e-9
4780.900, -1.766e-9
4781.900, -1.764e-9
4782.900, -1.765e-9
4783.900, -1.765e-9
4784.900, -1.765e-9
4785.900, -1.765e-9
4786.900, -1.764e-9
4787.900, -1.765e-9
4788.900, -1.765e-9
4789.900, -1.764e-9
4790.900, -1.765e-9
4791.900, -1.764e-9
4792.900, -1.765e-9
4793.900, -1.765e-9
4794.900, -1.764e-9
4795.900, -1.765e-9
4796.900, -1.764e-9
4797.900, -1.766e-9
4798.900, -1.765e-9
4799.900, -1.765e-9
4800.900, -1.766e-9
4801.900, -1.765e-9
4802.900, -1.765e-9
4803.900, -1.766e-9
4804.900, -1.765e-9
4805.900, -1.766e-9
4806.900, -1.765e-9
4807.900, -1.765e-9
4808.900, -1.766e-9
4809.900, -1.765e-9
4810.900, -1.766e-9
4811.900, -1.765e-9
4812.900, -1.764e-9
4813.900, -1.766e-9
4814.900, -1.764e-9
4815.900, -1.765e-9
4816.900, -1.765e-9
4817.900, -1.765e-9
4818.900, -1.766e-9
4819.900, -1.765e-9
4820.900, -1.766e-9
4821.900, -1.766e-9
4822.900, -1.764e-9
4823.900, -1.766e-9
4824.900, -1.765e-9
4825.900, -1.765e-9
4826.900, -1.765e-9
4827.900, -1.764e-9
4828.900, -1.766e-9
4829.900, -1.765e-9
4830.900, -1.765e-9
4831.900, -1.766e-9
4832.900, -1.765e-9
4833.900, -1.765e-9
4834.900, -1.765e-9
4835.900, -1.764e-9
4836.900, -1.765e-9
4837.900, -1.764e-9
4838.900, -1.765e-9
4839.900, -1.765e-9
4840.900, -1.764e-9
4841.900, -1.765e-9
4842.900, -1.764e-9
4843.900, -1.766e-9
4844.900, -1.765e-9
4845.900, -1.764e-9
4846.900, -1.765e-9
4847.900, -1.764e-9
4848.900, -1.764e-9
4849.900, -1.765e-9
4850.900, -1.764e-9
4851.900, -1.765e-9
4852.900, -1.765e-9
4853.900, -1.764e-9
4854.900, -1.765e-9
4855.900, -1.764e-9
4856.900, -1.765e-9
4857.900, -1.766e-9
4858.900, -1.764e-9
4859.900, -1.765e-9
4860.900, -1.765e-9
4861.900, -1.765e-9
4862.900, -1.765e-9
4863.900, -1.764e-9
4864.900, -1.766e-9
4865.900, -1.764e-9
4866.900, -1.765e-9
4867.900, -1.766e-9
4868.900, -1.765e-9
4869.900, -1.766e-9
4870.900, -1.764e-9
4871.900, -1.764e-9
4872.900, -1.765e-9
4873.900, -1.764e-9
4874.900, -1.765e-9
4875.900, -1.764e-9
4876.900, -1.765e-9
4877.900, -1.765e-9
4878.900, -1.765e-9
4879.900, -1.765e-9
4880.900, -1.764e-9
4881.900, -1.764e-9
4882.900, -1.765e-9
4883.900, -1.764e-9
4884.900, -1.765e-9
4885.900, -1.765e-9
4886.900, -1.764e-9
4887.900, -1.765e-9
4888.900, -1.764e-9
4889.900, -1.765e-9
4890.900, -1.765e-9
4891.900, -1.765e-9
4892.900, -1.765e-9
4893.900, -1.764e-9
4894.900, -1.764e-9
4895.900, -1.765e-9
4896.900, -1.764e-9
4897.900, -1.765e-9
4898.900, -1.763e-9
4899.900, -1.764e-9
4900.900, -1.764e-9
4901.900, -1.763e-9
4902.900, -1.764e-9
4903.900, -1.764e-9
4904.900, -1.764e-9
4905.900, -1.765e-9
4906.900, -1.764e-9
4907.900, -1.765e-9
4908.900, -1.765e-9
4909.900, -1.764e-9
4910.900, -1.766e-9
4911.900, -1.764e-9
4912.900, -1.764e-9
4913.900, -1.764e-9
4914.900, -1.764e-9
4915.900, -1.764e-9
4916.900, -1.763e-9
4917.900, -1.764e-9
4918.900, -1.765e-9
4919.900, -1.763e-9
4920.900, -1.765e-9
4921.900, -1.764e-9
4922.900, -1.764e-9
4923.900, -1.765e-9
4924.900, -1.764e-9
4925.900, -1.764e-9
4926.900, -1.764e-9
4927.900, -1.764e-9
4928.900, -1.765e-9
4929.900, -1.764e-9
4930.900, -1.764e-9
4931.900, -1.765e-9
4932.900, -1.764e-9
4933.900, -1.765e-9
4934.900, -1.764e-9
4935.900, -1.764e-9
4936.900, -1.766e-9
4937.900, -1.764e-9
4938.900, -1.765e-9
4939.900, -1.764e-9
4940.900, -1.764e-9
4941.900, -1.765e-9
4942.900, -1.764e-9
4943.900, -1.765e-9
4944.900, -1.764e-9
4945.900, -1.764e-9
4946.900, -1.765e-9
4947.900, -1.764e-9
4948.900, -1.765e-9
4949.900, -1.765e-9
4950.900, -1.764e-9
4951.900, -1.766e-9
4952.900, -1.764e-9
4953.900, -1.765e-9
4954.900, -1.766e-9
4955.900, -1.765e-9
4956.900, -1.766e-9
4957.900, -1.765e-9
4958.900, -1.765e-9
4959.900, -1.765e-9
4960.900, -1.764e-9
4961.900, -1.765e-9
4962.900, -1.764e-9
4963.900, -1.764e-9
4964.900, -1.765e-9
4965.900, -1.764e-9
4966.900, -1.765e-9
4967.900, -1.765e-9
4968.900, -1.765e-9
4969.900, -1.766e-9
4970.900, -1.764e-9
4971.900, -1.765e-9
4972.900, -1.765e-9
4973.900, -1.765e-9
4974.900, -1.766e-9
4975.900, -1.765e-9
4976.900, -1.766e-9
4977.900, -1.765e-9
4978.900, -1.764e-9
4979.900, -1.765e-9
4980.900, -1.764e-9
4981.900, -1.765e-9
4982.900, -1.764e-9
4983.900, -1.764e-9
4984.900, -1.765e-9
4985.900, -1.764e-9
4986.900, -1.765e-9
4987.900, -1.765e-9
4988.900, -1.764e-9
4989.900, -1.765e-9
4990.900, -1.766e-9
4991.900, -1.764e-9
4992.900, -1.765e-9
4993.900, -1.764e-9
4994.900, -1.765e-9
4995.900, -1.765e-9
4996.900, -1.764e-9
4997.900, -1.765e-9
4998.900, -1.764e-9
4999.900, -1.765e-9
5000.900, -1.765e-9
5001.900, -1.765e-9
5002.900, -1.766e-9
5003.900, -1.764e-9
5004.900, -1.765e-9
5005.900, -1.765e-9
5006.900, -1.764e-9
5007.900, -1.765e-9
5008.900, -1.764e-9
5009.900, -1.764e-9
5010.900, -1.765e-9
5011.900, -1.764e-9
5012.900, -1.765e-9
5013.900, -1.765e-9
5014.900, -1.765e-9
5015.900, -1.765e-9
5016.900, -1.764e-9
5017.900, -1.765e-9
5018.900, -1.764e-9
5019.900, -1.763e-9
5020.900, -1.764e-9
5021.900, -1.763e-9
5022.900, -1.764e-9
5023.900, -1.764e-9
5024.900, -1.764e-9
5025.900, -1.765e-9
5026.900, -1.764e-9
5027.900, -1.765e-9
5028.900, -1.765e-9
5029.900, -1.764e-9
5030.900, -1.766e-9
5031.900, -1.764e-9
5032.900, -1.764e-9
5033.900, -1.765e-9
5034.900, -1.763e-9
5035.900, -1.765e-9
5036.900, -1.764e-9
5037.900, -1.764e-9
5038.900, -1.765e-9
5039.900, -1.764e-9
5040.900, -1.766e-9
5041.900, -1.764e-9
5042.900, -1.764e-9
5043.900, -1.764e-9
5044.900, -1.763e-9
5045.900, -1.764e-9
5046.900, -1.763e-9
5047.900, -1.763e-9
5048.900, -1.764e-9
5049.900, -1.763e-9
5050.900, -1.764e-9
5051.900, -1.764e-9
5052.900, -1.764e-9
5053.900, -1.765e-9
5054.900, -1.764e-9
5055.900, -1.766e-9
5056.900, -1.764e-9
5057.900, -1.764e-9
5058.900, -1.764e-9
5059.900, -1.763e-9
5060.900, -1.764e-9
5061.900, -1.764e-9
5062.900, -1.764e-9
5063.900, -1.764e-9
5064.900, -1.763e-9
5065.900, -1.764e-9
5066.900, -1.764e-9
5067.900, -1.764e-9
5068.900, -1.765e-9
5069.900, -1.763e-9
5070.900, -1.764e-9
5071.900, -1.764e-9
5072.900, -1.764e-9
5073.900, -1.765e-9
5074.900, -1.764e-9
5075.900, -1.764e-9
5076.900, -1.765e-9
5077.900, -1.764e-9
5078.900, -1.765e-9
5079.900, -1.764e-9
5080.900, -1.764e-9
5081.900, -1.764e-9
5082.900, -1.763e-9
5083.900, -1.765e-9
5084.900, -1.764e-9
5085.900, -1.764e-9
5086.900, -1.765e-9
5087.900, -1.763e-9
5088.900, -1.764e-9
5089.900, -1.764e-9
5090.900, -1.764e-9
5091.900, -1.765e-9
5092.900, -1.764e-9
5093.900, -1.764e-9
5094.900, -1.764e-9
5095.900, -1.763e-9
5096.900, -1.764e-9
5097.900, -1.763e-9
5098.900, -1.763e-9
5099.900, -1.764e-9
5100.900, -1.763e-9
5101.900, -1.764e-9
5102.900, -1.763e-9
5103.900, -1.763e-9
5104.900, -1.764e-9
5105.900, -1.763e-9
5106.900, -1.765e-9
5107.900, -1.764e-9
5108.900, -1.765e-9
5109.900, -1.765e-9
5110.900, -1.763e-9
5111.900, -1.763e-9
5112.900, -1.763e-9
5113.900, -1.763e-9
5114.900, -1.764e-9
5115.900, -1.763e-9
5116.900, -1.764e-9
5117.900, -1.764e-9
5118.900, -1.764e-9
5119.900, -1.765e-9
5120.900, -1.764e-9
5121.900, -1.765e-9
5122.900, -1.764e-9
5123.900, -1.763e-9
5124.900, -1.765e-9
5125.900, -1.764e-9
5126.900, -1.764e-9
5127.900, -1.765e-9
5128.900, -1.763e-9
5129.900, -1.764e-9
5130.900, -1.763e-9
5131.900, -1.764e-9
5132.900, -1.764e-9
5133.900, -1.763e-9
5134.900, -1.764e-9
5135.900, -1.764e-9
5136.900, -1.764e-9
5137.900, -1.764e-9
5138.900, -1.763e-9
5139.900, -1.764e-9
5140.900, -1.763e-9
5141.900, -1.763e-9
5142.900, -1.764e-9
5143.900, -1.763e-9
5144.900, -1.764e-9
5145.900, -1.764e-9
5146.900, -1.763e-9
5147.900, -1.764e-9
5148.900, -1.763e-9
5149.900, -1.764e-9
5150.900, -1.764e-9
5151.900, -1.764e-9
5152.900, -1.764e-9
5153.900, -1.763e-9
5154.900, -1.764e-9
5155.900, -1.764e-9
5156.900, -1.763e-9
5157.900, -1.764e-9
5158.900, -1.763e-9
5159.900, -1.763e-9
5160.900, -1.764e-9
5161.900, -1.763e-9
5162.900, -1.764e-9
5163.900, -1.764e-9
5164.900, -1.764e-9
5165.900, -1.764e-9
5166.900, -1.763e-9
5167.900, -1.764e-9
5168.900, -1.763e-9
5169.900, -1.762e-9
5170.900, -1.764e-9
5171.900, -1.762e-9
5172.900, -1.763e-9
5173.900, -1.764e-9
5174.900, -1.763e-9
5175.900, -1.764e-9
5176.900, -1.763e-9
5177.900, -1.764e-9
5178.900, -1.764e-9
5179.900, -1.764e-9
5180.900, -1.765e-9
5181.900, -1.763e-9
5182.900, -1.763e-9
5183.900, -1.763e-9
5184.900, -1.762e-9
5185.900, -1.764e-9
5186.900, -1.763e-9
5187.900, -1.763e-9
5188.900, -1.764e-9
5189.900, -1.763e-9
5190.900, -1.764e-9
5191.900, -1.763e-9
5192.900, -1.763e-9
5193.900, -1.764e-9
5194.900, -1.764e-9
5195.900, -1.765e-9
5196.900, -1.764e-9
5197.900, -1.763e-9
5198.900, -1.765e-9
5199.900, -1.763e-9
5200.900, -1.764e-9
5201.900, -1.764e-9
5202.900, -1.763e-9
5203.900, -1.764e-9
5204.900, -1.764e-9
5205.900, -1.763e-9
5206.900, -1.764e-9
5207.900, -1.763e-9
5208.900, -1.764e-9
5209.900, -1.764e-9
5210.900, -1.764e-9
5211.900, -1.765e-9
5212.900, -1.764e-9
5213.900, -1.765e-9
5214.900, -1.765e-9
5215.900, -1.764e-9
5216.900, -1.765e-9
5217.900, -1.764e-9
5218.900, -1.765e-9
5219.900, -1.765e-9
5220.900, -1.764e-9
5221.900, -1.764e-9
5222.900, -1.764e-9
5223.900, -1.763e-9
5224.900, -1.764e-9
5225.900, -1.763e-9
5226.900, -1.764e-9
5227.900, -1.764e-9
5228.900, -1.764e-9
5229.900, -1.765e-9
5230.900, -1.764e-9
5231.900, -1.765e-9
5232.900, -1.765e-9
5233.900, -1.764e-9
5234.900, -1.764e-9
5235.900, -1.763e-9
5236.900, -1.764e-9
5237.900, -1.764e-9
5238.900, -1.763e-9
5239.900, -1.764e-9
5240.900, -1.763e-9
5241.900, -1.763e-9
5242.900, -1.764e-9
5243.900, -1.763e-9
5244.900, -1.764e-9
5245.900, -1.763e-9
5246.900, -1.763e-9
5247.900, -1.764e-9
5248.900, -1.762e-9
5249.900, -1.763e-9
5250.900, -1.763e-9
5251.900, -1.763e-9
5252.900, -1.764e-9
5253.900, -1.763e-9
5254.900, -1.763e-9
5255.900, -1.764e-9
5256.900, -1.763e-9
5257.900, -1.764e-9
5258.900, -1.762e-9
5259.900, -1.762e-9
5260.900, -1.763e-9
5261.900, -1.762e-9
5262.900, -1.763e-9
5263.900, -1.762e-9
5264.900, -1.763e-9
5265.900, -1.763e-9
5266.900, -1.763e-9
5267.900, -1.764e-9
5268.900, -1.763e-9
5269.900, -1.763e-9
5270.900, -1.765e-9
5271.900, -1.763e-9
5272.900, -1.764e-9
5273.900, -1.763e-9
5274.900, -1.763e-9
5275.900, -1.764e-9
5276.900, -1.762e-9
5277.900, -1.763e-9
5278.900, -1.763e-9
5279.900, -1.762e-9
5280.900, -1.763e-9
5281.900, -1.762e-9
5282.900, -1.763e-9
5283.900, -1.763e-9
5284.900, -1.762e-9
5285.900, -1.763e-9
5286.900, -1.762e-9
5287.900, -1.763e-9
5288.900, -1.763e-9
5289.900, -1.762e-9
5290.900, -1.764e-9
5291.900, -1.762e-9
5292.900, -1.763e-9
5293.900, -1.763e-9
5294.900, -1.762e-9
5295.900, -1.763e-9
5296.900, -1.762e-9
5297.900, -1.763e-9
5298.900, -1.763e-9
5299.900, -1.762e-9
5300.900, -1.763e-9
5301.900, -1.763e-9
5302.900, -1.763e-9
5303.900, -1.763e-9
5304.900, -1.762e-9
5305.900, -1.763e-9
5306.900, -1.763e-9
5307.900, -1.763e-9
5308.900, -1.763e-9
5309.900, -1.762e-9
5310.900, -1.763e-9
5311.900, -1.762e-9
5312.900, -1.762e-9
5313.900, -1.763e-9
5314.900, -1.762e-9
5315.900, -1.763e-9
5316.900, -1.762e-9
5317.900, -1.761e-9
5318.900, -1.763e-9
5319.900, -1.761e-9
5320.900, -1.762e-9
5321.900, -1.762e-9
5322.900, -1.762e-9
5323.900, -1.763e-9
5324.900, -1.762e-9
5325.900, -1.762e-9
5326.900, -1.763e-9
5327.900, -1.762e-9
5328.900, -1.763e-9
5329.900, -1.763e-9
5330.900, -1.762e-9
5331.900, -1.763e-9
5332.900, -1.762e-9
5333.900, -1.763e-9
5334.900, -1.763e-9
5335.900, -1.762e-9
5336.900, -1.762e-9
5337.900, -1.761e-9
5338.900, -1.762e-9
5339.900, -1.762e-9
5340.900, -1.761e-9
5341.900, -1.763e-9
5342.900, -1.762e-9
5343.900, -1.762e-9
5344.900, -1.763e-9
5345.900, -1.762e-9
5346.900, -1.763e-9
5347.900, -1.762e-9
5348.900, -1.762e-9
5349.900, -1.763e-9
5350.900, -1.762e-9
5351.900, -1.762e-9
5352.900, -1.763e-9
5353.900, -1.762e-9
5354.900, -1.763e-9
5355.900, -1.762e-9
5356.900, -1.762e-9
5357.900, -1.762e-9
5358.900, -1.761e-9
5359.900, -1.762e-9
5360.900, -1.762e-9
5361.900, -1.761e-9
5362.900, -1.762e-9
5363.900, -1.761e-9
5364.900, -1.762e-9
5365.900, -1.762e-9
5366.900, -1.762e-9
5367.900, -1.763e-9
5368.900, -1.762e-9
5369.900, -1.762e-9
5370.900, -1.762e-9
5371.900, -1.761e-9
5372.900, -1.762e-9
5373.900, -1.761e-9
5374.900, -1.762e-9
5375.900, -1.762e-9
5376.900, -1.762e-9
5377.900, -1.763e-9
5378.900, -1.762e-9
5379.900, -1.763e-9
5380.900, -1.763e-9
5381.900, -1.761e-9
5382.900, -1.761e-9
5383.900, -1.761e-9
5384.900, -1.761e-9
5385.900, -1.762e-9
5386.900, -1.761e-9
5387.900, -1.762e-9
5388.900, -1.761e-9
5389.900, -1.762e-9
5390.900, -1.762e-9
5391.900, -1.761e-9
5392.900, -1.763e-9
5393.900, -1.762e-9
5394.900, -1.761e-9
5395.900, -1.762e-9
5396.900, -1.761e-9
5397.900, -1.762e-9
5398.900, -1.762e-9
5399.900, -1.761e-9
5400.900, -1.762e-9
5401.900, -1.761e-9
5402.900, -1.762e-9
5403.900, -1.762e-9
5404.900, -1.762e-9
5405.900, -1.762e-9
5406.900, -1.761e-9
5407.900, -1.761e-9
5408.900, -1.761e-9
5409.900, -1.760e-9
5410.900, -1.762e-9
5411.900, -1.761e-9
5412.900, -1.761e-9
5413.900, -1.762e-9
5414.900, -1.761e-9
5415.900, -1.762e-9
5416.900, -1.761e-9
5417.900, -1.761e-9
5418.900, -1.762e-9
5419.900, -1.760e-9
5420.900, -1.761e-9
5421.900, -1.761e-9
5422.900, -1.761e-9
5423.900, -1.762e-9
5424.900, -1.760e-9
5425.900, -1.761e-9
5426.900, -1.761e-9
5427.900, -1.761e-9
5428.900, -1.762e-9
5429.900, -1.760e-9
5430.900, -1.761e-9
5431.900, -1.761e-9
5432.900, -1.760e-9
5433.900, -1.761e-9
5434.900, -1.761e-9
5435.900, -1.761e-9
5436.900, -1.761e-9
5437.900, -1.760e-9
5438.900, -1.762e-9
5439.900, -1.760e-9
5440.900, -1.760e-9
5441.900, -1.761e-9
5442.900, -1.760e-9
5443.900, -1.761e-9
5444.900, -1.760e-9
5445.900, -1.760e-9
5446.900, -1.761e-9
5447.900, -1.760e-9
5448.900, -1.760e-9
5449.900, -1.761e-9
5450.900, -1.760e-9
5451.900, -1.761e-9
5452.900, -1.761e-9
5453.900, -1.760e-9
5454.900, -1.761e-9
5455.900, -1.761e-9
5456.900, -1.760e-9
5457.900, -1.761e-9
5458.900, -1.760e-9
5459.900, -1.760e-9
5460.900, -1.761e-9
5461.900, -1.760e-9
5462.900, -1.761e-9
5463.900, -1.760e-9
5464.900, -1.760e-9
5465.900, -1.761e-9
5466.900, -1.760e-9
5467.900, -1.760e-9
5468.900, -1.760e-9
5469.900, -1.760e-9
5470.900, -1.761e-9
5471.900, -1.760e-9
5472.900, -1.761e-9
5473.900, -1.761e-9
5474.900, -1.760e-9
5475.900, -1.761e-9
5476.900, -1.759e-9
5477.900, -1.760e-9
5478.900, -1.760e-9
5479.900, -1.759e-9
5480.900, -1.761e-9
5481.900, -1.760e-9
5482.900, -1.760e-9
5483.900, -1.760e-9
5484.900, -1.760e-9
5485.900, -1.761e-9
5486.900, -1.761e-9
5487.900, -1.761e-9
5488.900, -1.761e-9
5489.900, -1.760e-9
5490.900, -1.761e-9
5491.900, -1.760e-9
5492.900, -1.759e-9
5493.900, -1.760e-9
5494.900, -1.759e-9
5495.900, -1.760e-9
5496.900, -1.760e-9
5497.900, -1.760e-9
5498.900, -1.761e-9
5499.900, -1.760e-9
5500.900, -1.760e-9
5501.900, -1.761e-9
5502.900, -1.760e-9
5503.900, -1.761e-9
5504.900, -1.760e-9
5505.900, -1.760e-9
5506.900, -1.760e-9
5507.900, -1.760e-9
5508.900, -1.761e-9
5509.900, -1.760e-9
5510.900, -1.760e-9
5511.900, -1.760e-9
5512.900, -1.759e-9
5513.900, -1.760e-9
5514.900, -1.759e-9
5515.900, -1.759e-9
5516.900, -1.760e-9
5517.900, -1.759e-9
5518.900, -1.760e-9
5519.900, -1.759e-9
5520.900, -1.759e-9
5521.900, -1.760e-9
5522.900, -1.760e-9
5523.900, -1.761e-9
5524.900, -1.760e-9
5525.900, -1.759e-9
5526.900, -1.760e-9
5527.900, -1.759e-9
5528.900, -1.760e-9
5529.900, -1.760e-9
5530.900, -1.759e-9
5531.900, -1.761e-9
5532.900, -1.759e-9
5533.900, -1.760e-9
5534.900, -1.760e-9
5535.900, -1.759e-9
5536.900, -1.760e-9
5537.900, -1.759e-9
5538.900, -1.760e-9
5539.900, -1.760e-9
5540.900, -1.760e-9
5541.900, -1.761e-9
5542.900, -1.760e-9
5543.900, -1.759e-9
5544.900, -1.760e-9
5545.900, -1.758e-9
5546.900, -1.759e-9
5547.900, -1.759e-9
5548.900, -1.759e-9
5549.900, -1.760e-9
5550.900, -1.758e-9
5551.900, -1.759e-9
5552.900, -1.759e-9
5553.900, -1.758e-9
5554.900, -1.759e-9
5555.900, -1.758e-9
5556.900, -1.759e-9
5557.900, -1.759e-9
5558.900, -1.758e-9
5559.900, -1.759e-9
5560.900, -1.758e-9
5561.900, -1.759e-9
5562.900, -1.759e-9
5563.900, -1.759e-9
5564.900, -1.759e-9
5565.900, -1.758e-9
5566.900, -1.759e-9
5567.900, -1.759e-9
5568.900, -1.758e-9
5569.900, -1.760e-9
5570.900, -1.759e-9
5571.900, -1.759e-9
5572.900, -1.759e-9
5573.900, -1.758e-9
5574.900, -1.760e-9
5575.900, -1.758e-9
5576.900, -1.758e-9
5577.900, -1.759e-9
5578.900, -1.758e-9
5579.900, -1.759e-9
5580.900, -1.759e-9
5581.900, -1.759e-9
5582.900, -1.760e-9
5583.900, -1.759e-9
5584.900, -1.760e-9
5585.900, -1.759e-9
5586.900, -1.758e-9
5587.900, -1.759e-9
5588.900, -1.758e-9
5589.900, -1.759e-9
5590.900, -1.759e-9
5591.900, -1.759e-9
5592.900, -1.759e-9
5593.900, -1.758e-9
5594.900, -1.759e-9
5595.900, -1.759e-9
5596.900, -1.759e-9
5597.900, -1.759e-9
5598.900, -1.758e-9
5599.900, -1.759e-9
5600.900, -1.758e-9
5601.900, -1.758e-9
5602.900, -1.759e-9
5603.900, -1.758e-9
5604.900, -1.759e-9
5605.900, -1.758e-9
5606.900, -1.757e-9
5607.900, -1.758e-9
5608.900, -1.757e-9
5609.900, -1.758e-9
5610.900, -1.758e-9
5611.900, -1.757e-9
5612.900, -1.759e-9
5613.900, -1.758e-9
5614.900, -1.758e-9
5615.900, -1.758e-9
5616.900, -1.758e-9
5617.900, -1.760e-9
5618.900, -1.758e-9
5619.900, -1.758e-9
5620.900, -1.758e-9
5621.900, -1.757e-9
5622.900, -1.758e-9
5623.900, -1.757e-9
5624.900, -1.757e-9
5625.900, -1.758e-9
5626.900, -1.756e-9
5627.900, -1.758e-9
5628.900, -1.758e-9
5629.900, -1.757e-9
5630.900, -1.758e-9
5631.900, -1.756e-9
5632.900, -1.757e-9
5633.900, -1.757e-9
5634.900, -1.756e-9
5635.900, -1.757e-9
5636.900, -1.756e-9
5637.900, -1.757e-9
5638.900, -1.757e-9
5639.900, -1.756e-9
5640.900, -1.757e-9
5641.900, -1.756e-9
5642.900, -1.756e-9
5643.900, -1.757e-9
5644.900, -1.756e-9
5645.900, -1.757e-9
5646.900, -1.756e-9
5647.900, -1.756e-9
5648.900, -1.757e-9
5649.900, -1.755e-9
5650.900, -1.757e-9
5651.900, -1.756e-9
5652.900, -1.756e-9
5653.900, -1.757e-9
5654.900, -1.755e-9
5655.900, -1.756e-9
5656.900, -1.756e-9
5657.900, -1.756e-9
5658.900, -1.757e-9
5659.900, -1.756e-9
5660.900, -1.756e-9
5661.900, -1.756e-9
5662.900, -1.755e-9
5663.900, -1.756e-9
5664.900, -1.755e-9
5665.900, -1.756e-9
5666.900, -1.756e-9
5667.900, -1.755e-9
5668.900, -1.757e-9
5669.900, -1.755e-9
5670.900, -1.755e-9
5671.900, -1.755e-9
5672.900, -1.754e-9
5673.900, -1.755e-9
5674.900, -1.754e-9
5675.900, -1.755e-9
5676.900, -1.755e-9
5677.900, -1.756e-9
5678.900, -1.757e-9
5679.900, -1.757e-9
5680.900, -1.756e-9
5681.900, -1.757e-9
5682.900, -1.755e-9
5683.900, -1.756e-9
5684.900, -1.756e-9
5685.900, -1.756e-9
5686.900, -1.757e-9
5687.900, -1.755e-9
5688.900, -1.756e-9
5689.900, -1.756e-9
5690.900, -1.756e-9
5691.900, -1.757e-9
5692.900, -1.755e-9
5693.900, -1.756e-9
5694.900, -1.756e-9
5695.900, -1.755e-9
5696.900, -1.756e-9
5697.900, -1.755e-9
5698.900, -1.755e-9
5699.900, -1.755e-9
5700.900, -1.753e-9
5701.900, -1.755e-9
5702.900, -1.754e-9
5703.900, -1.754e-9
5704.900, -1.754e-9
5705.900, -1.753e-9
5706.900, -1.754e-9
5707.900, -1.754e-9
5708.900, -1.753e-9
5709.900, -1.754e-9
5710.900, -1.754e-9
5711.900, -1.754e-9
5712.900, -1.753e-9
5713.900, -1.753e-9
5714.900, -1.754e-9
5715.900, -1.752e-9
5716.900, -1.752e-9
5717.900, -1.750e-9
5718.900, -1.749e-9
5719.900, -1.750e-9
5720.900, -1.748e-9
5721.900, -1.748e-9
5722.900, -1.747e-9
5723.900, -1.746e-9
5724.900, -1.747e-9
5725.900, -1.746e-9
5726.900, -1.747e-9
5727.900, -1.747e-9
5728.900, -1.746e-9
5729.900, -1.747e-9
5730.900, -1.746e-9
5731.900, -1.746e-9
5732.900, -1.747e-9
5733.900, -1.745e-9
5734.900, -1.746e-9
5735.900, -1.745e-9
5736.900, -1.745e-9
5737.900, -1.744e-9
5738.900, -1.740e-9
5739.900, -1.739e-9
5740.900, -1.737e-9
5741.900, -1.738e-9
5742.900, -1.738e-9
5743.900, -1.736e-9
5744.900, -1.737e-9
5745.900, -1.736e-9
5746.900, -1.736e-9
5747.900, -1.737e-9
5748.900, -1.736e-9
5749.900, -1.736e-9
5750.900, -1.736e-9
5751.900, -1.735e-9
5752.900, -1.735e-9
5753.900, -1.734e-9
5754.900, -1.735e-9
5755.900, -1.733e-9
5756.900, -1.730e-9
5757.900, -1.730e-9
5758.900, -1.728e-9
5759.900, -1.729e-9
5760.900, -1.729e-9
5761.900, -1.729e-9
5762.900, -1.731e-9
5763.900, -1.730e-9
5764.900, -1.732e-9
5765.900, -1.732e-9
5766.900, -1.732e-9
5767.900, -1.734e-9
5768.900, -1.733e-9
5769.900, -1.734e-9
5770.900, -1.734e-9
5771.900, -1.734e-9
5772.900, -1.735e-9
5773.900, -1.735e-9
5774.900, -1.736e-9
5775.900, -1.738e-9
5776.900, -1.737e-9
5777.900, -1.738e-9
5778.900, -1.738e-9
5779.900, -1.738e-9
5780.900, -1.739e-9
5781.900, -1.741e-9
5782.900, -1.761e-9
5783.900, -1.768e-9
5784.900, -1.768e-9
5785.900, -1.769e-9
5786.900, -1.767e-9
5787.900, -1.768e-9
5788.900, -1.768e-9
5789.900, -1.768e-9
5790.900, -1.770e-9
5791.900, -1.770e-9
5792.900, -1.771e-9
5793.900, -1.780e-9
5794.900, -1.794e-9
5795.900, -1.792e-9
5796.900, -1.786e-9
5797.900, -1.783e-9
5798.900, -1.781e-9
5799.900, -1.778e-9
5800.900, -1.779e-9
5801.900, -1.777e-9
5802.900, -1.777e-9
5803.900, -1.778e-9
5804.900, -1.779e-9
5805.900, -1.783e-9
5806.900, -1.784e-9
5807.900, -1.787e-9
5808.900, -1.790e-9
5809.900, -1.791e-9
5810.900, -1.795e-9
5811.900, -1.798e-9
5812.900, -1.802e-9
5813.900, -1.807e-9
5814.900, -1.811e-9
5815.900, -1.817e-9
5816.900, -1.824e-9
5817.900, -1.831e-9
5818.900, -1.840e-9
5819.900, -1.847e-9
5820.900, -1.860e-9
5821.900, -1.872e-9
5822.900, -1.887e-9
5823.900, -1.905e-9
5824.900, -1.922e-9
5825.900, -1.946e-9
5826.900, -1.976e-9
5827.900, -2.011e-9
5828.900, -2.054e-9
5829.900, -2.104e-9
5830.900, -2.180e-9
5831.900, -2.281e-9
5832.900, -2.419e-9
5833.900, -2.636e-9
5834.900, -2.948e-9
5835.800, -3.284e-9
5836.610, -3.466e-9
