# Sensolytics: 3.12
# Line Scan
# Warning: the data-format is using a '.' as decimal sign. German Windows-systems may have problems with this...
# Experiment started: 5/21/2024 4:53:52 PM
# Stepper motors position: X 15,214.300 µm; Y 9,312.000 µm; Z 9,476.000 µm
# Piezo controller position: X 0.000 µm; Y 100.000 µm; Z 100.000 µm
# Potentiostat: ECD Off
# Potential WE1 at start [V]: 0.750
# Potential WE2 at start: OCP
# Controller: PCIe LStep Express
# Axis: ZAxis
# Direction: Negative
# Way [µm]: 2000
# Max. Speed [µm/s]: 1
# Increment [µm]: 0.25
# Waiting Time [ms]: 0
# Stop Condition: Manual
# Position abs. [µm], Position rel. [µm], I WE1 [A]
9576.000, 0.000, 5.5999755859375E-09
9575.750, -0.250, 5.5938720703125E-09
9575.500, -0.500, 5.596923828125E-09
9575.250, -0.750, 5.596923828125E-09
9575.000, -1.000, 5.596923828125E-09
9574.750, -1.250, 5.596923828125E-09
9574.500, -1.500, 5.5938720703125E-09
9574.250, -1.750, 5.596923828125E-09
9574.000, -2.000, 5.5938720703125E-09
9573.750, -2.250, 5.5908203125E-09
9573.500, -2.500, 5.5877685546875E-09
9573.250, -2.750, 5.5938720703125E-09
9573.000, -3.000, 5.5908203125E-09
9572.750, -3.250, 5.5908203125E-09
9572.500, -3.500, 5.5938720703125E-09
9572.250, -3.750, 5.5938720703125E-09
9572.000, -4.000, 5.5908203125E-09
9571.750, -4.250, 5.5938720703125E-09
9571.500, -4.500, 5.5938720703125E-09
9571.250, -4.750, 5.5938720703125E-09
9571.000, -5.000, 5.5938720703125E-09
9570.750, -5.250, 5.596923828125E-09
9570.500, -5.500, 5.60302734375E-09
9570.250, -5.750, 5.5999755859375E-09
9570.000, -6.000, 5.5999755859375E-09
9569.750, -6.250, 5.596923828125E-09
9569.500, -6.500, 5.596923828125E-09
9569.250, -6.750, 5.596923828125E-09
9569.000, -7.000, 5.5999755859375E-09
9568.750, -7.250, 5.5999755859375E-09
9568.500, -7.500, 5.596923828125E-09
9568.250, -7.750, 5.5938720703125E-09
9568.000, -8.000, 5.596923828125E-09
9567.750, -8.250, 5.5908203125E-09
9567.500, -8.500, 5.5877685546875E-09
9567.250, -8.750, 5.584716796875E-09
9567.000, -9.000, 5.5999755859375E-09
9566.750, -9.250, 5.5938720703125E-09
9566.500, -9.500, 5.5908203125E-09
9566.250, -9.750, 5.5908203125E-09
9566.000, -10.000, 5.5908203125E-09
9565.750, -10.250, 5.5877685546875E-09
9565.500, -10.500, 5.584716796875E-09
9565.250, -10.750, 5.5877685546875E-09
9565.000, -11.000, 5.5877685546875E-09
9564.750, -11.250, 5.5877685546875E-09
9564.500, -11.500, 5.5908203125E-09
9564.250, -11.750, 5.5908203125E-09
9564.000, -12.000, 5.5908203125E-09
9563.750, -12.250, 5.596923828125E-09
9563.500, -12.500, 5.5938720703125E-09
9563.250, -12.750, 5.5938720703125E-09
9563.000, -13.000, 5.596923828125E-09
9562.750, -13.250, 5.5908203125E-09
9562.500, -13.500, 5.584716796875E-09
9562.250, -13.750, 5.584716796875E-09
9562.000, -14.000, 5.5877685546875E-09
9561.750, -14.250, 5.584716796875E-09
9561.500, -14.500, 5.5816650390625E-09
9561.250, -14.750, 5.584716796875E-09
9561.000, -15.000, 5.584716796875E-09
9560.750, -15.250, 5.5816650390625E-09
9560.500, -15.500, 5.5816650390625E-09
9560.250, -15.750, 5.5877685546875E-09
9560.000, -16.000, 5.5877685546875E-09
9559.750, -16.250, 5.5877685546875E-09
9559.500, -16.500, 5.584716796875E-09
9559.250, -16.750, 5.5877685546875E-09
9559.000, -17.000, 5.5877685546875E-09
9558.750, -17.250, 5.5877685546875E-09
9558.500, -17.500, 5.584716796875E-09
9558.250, -17.750, 5.5816650390625E-09
9558.000, -18.000, 5.584716796875E-09
9557.750, -18.250, 5.5877685546875E-09
9557.500, -18.500, 5.57861328125E-09
9557.250, -18.750, 5.5816650390625E-09
9557.000, -19.000, 5.5877685546875E-09
9556.750, -19.250, 5.5816650390625E-09
9556.500, -19.500, 5.584716796875E-09
9556.250, -19.750, 5.584716796875E-09
9556.000, -20.000, 5.5877685546875E-09
9555.750, -20.250, 5.5877685546875E-09
9555.500, -20.500, 5.5877685546875E-09
9555.250, -20.750, 5.584716796875E-09
9555.000, -21.000, 5.5877685546875E-09
9554.750, -21.250, 5.5816650390625E-09
9554.500, -21.500, 5.5816650390625E-09
9554.250, -21.750, 5.5877685546875E-09
9554.000, -22.000, 5.5877685546875E-09
9553.750, -22.250, 5.5877685546875E-09
9553.500, -22.500, 5.584716796875E-09
9553.250, -22.750, 5.5816650390625E-09
9553.000, -23.000, 5.584716796875E-09
9552.750, -23.250, 5.584716796875E-09
9552.500, -23.500, 5.584716796875E-09
9552.250, -23.750, 5.584716796875E-09
9552.000, -24.000, 5.5908203125E-09
9551.750, -24.250, 5.5908203125E-09
9551.500, -24.500, 5.5908203125E-09
9551.250, -24.750, 5.596923828125E-09
9551.000, -25.000, 5.5999755859375E-09
9550.750, -25.250, 5.5938720703125E-09
9550.500, -25.500, 5.5908203125E-09
9550.250, -25.750, 5.596923828125E-09
9550.000, -26.000, 5.5999755859375E-09
9549.750, -26.250, 5.5877685546875E-09
9549.500, -26.500, 5.5908203125E-09
9549.250, -26.750, 5.5877685546875E-09
9549.000, -27.000, 5.5816650390625E-09
9548.750, -27.250, 5.5877685546875E-09
9548.500, -27.500, 5.5877685546875E-09
9548.250, -27.750, 5.5877685546875E-09
9548.000, -28.000, 5.584716796875E-09
9547.750, -28.250, 5.5877685546875E-09
9547.500, -28.500, 5.5938720703125E-09
9547.250, -28.750, 5.5938720703125E-09
9547.000, -29.000, 5.5908203125E-09
9546.750, -29.250, 5.5908203125E-09
9546.500, -29.500, 5.5938720703125E-09
9546.250, -29.750, 5.596923828125E-09
9546.000, -30.000, 5.5938720703125E-09
9545.750, -30.250, 5.5938720703125E-09
9545.500, -30.500, 5.596923828125E-09
9545.250, -30.750, 5.5999755859375E-09
9545.000, -31.000, 5.5999755859375E-09
9544.750, -31.250, 5.5938720703125E-09
9544.500, -31.500, 5.5938720703125E-09
9544.250, -31.750, 5.5999755859375E-09
9544.000, -32.000, 5.5999755859375E-09
9543.750, -32.250, 5.5938720703125E-09
9543.500, -32.500, 5.5938720703125E-09
9543.250, -32.750, 5.5908203125E-09
9543.000, -33.000, 5.5908203125E-09
9542.750, -33.250, 5.5877685546875E-09
9542.500, -33.500, 5.5908203125E-09
9542.250, -33.750, 5.5938720703125E-09
9542.000, -34.000, 5.5908203125E-09
9541.750, -34.250, 5.5877685546875E-09
9541.500, -34.500, 5.5908203125E-09
9541.250, -34.750, 5.5938720703125E-09
9541.000, -35.000, 5.5938720703125E-09
9540.750, -35.250, 5.5877685546875E-09
9540.500, -35.500, 5.5877685546875E-09
9540.250, -35.750, 5.5877685546875E-09
9540.000, -36.000, 5.5877685546875E-09
9539.750, -36.250, 5.584716796875E-09
9539.500, -36.500, 5.5816650390625E-09
9539.250, -36.750, 5.5816650390625E-09
9539.000, -37.000, 5.584716796875E-09
9538.750, -37.250, 5.5816650390625E-09
9538.500, -37.500, 5.57861328125E-09
9538.250, -37.750, 5.5816650390625E-09
9538.000, -38.000, 5.5877685546875E-09
9537.750, -38.250, 5.5908203125E-09
9537.500, -38.500, 5.5908203125E-09
9537.250, -38.750, 5.5877685546875E-09
9537.000, -39.000, 5.5908203125E-09
9536.750, -39.250, 5.5938720703125E-09
9536.500, -39.500, 5.584716796875E-09
9536.250, -39.750, 5.584716796875E-09
9536.000, -40.000, 5.5877685546875E-09
9535.750, -40.250, 5.5816650390625E-09
9535.500, -40.500, 5.57861328125E-09
9535.250, -40.750, 5.57861328125E-09
9535.000, -41.000, 5.584716796875E-09
9534.750, -41.250, 5.57861328125E-09
9534.500, -41.500, 5.57861328125E-09
9534.250, -41.750, 5.57861328125E-09
9534.000, -42.000, 5.57861328125E-09
9533.750, -42.250, 5.5755615234375E-09
9533.500, -42.500, 5.5908203125E-09
9533.250, -42.750, 5.5908203125E-09
9533.000, -43.000, 5.5877685546875E-09
9532.750, -43.250, 5.5938720703125E-09
9532.500, -43.500, 5.596923828125E-09
9532.250, -43.750, 5.596923828125E-09
9532.000, -44.000, 5.5938720703125E-09
9531.750, -44.250, 5.5908203125E-09
9531.500, -44.500, 5.5877685546875E-09
9531.250, -44.750, 5.5877685546875E-09
9531.000, -45.000, 5.584716796875E-09
9530.750, -45.250, 5.5816650390625E-09
9530.500, -45.500, 5.57861328125E-09
9530.250, -45.750, 5.5755615234375E-09
9530.000, -46.000, 5.5755615234375E-09
9529.750, -46.250, 5.5816650390625E-09
9529.500, -46.500, 5.5816650390625E-09
9529.250, -46.750, 5.584716796875E-09
9529.000, -47.000, 5.5816650390625E-09
9528.750, -47.250, 5.5908203125E-09
9528.500, -47.500, 5.5877685546875E-09
9528.250, -47.750, 5.584716796875E-09
9528.000, -48.000, 5.584716796875E-09
9527.750, -48.250, 5.5877685546875E-09
9527.500, -48.500, 5.5877685546875E-09
9527.250, -48.750, 5.5877685546875E-09
9527.000, -49.000, 5.584716796875E-09
9526.750, -49.250, 5.5908203125E-09
9526.500, -49.500, 5.5908203125E-09
9526.250, -49.750, 5.5908203125E-09
9526.000, -50.000, 5.5877685546875E-09
9525.750, -50.250, 5.5877685546875E-09
9525.500, -50.500, 5.5908203125E-09
9525.250, -50.750, 5.5908203125E-09
9525.000, -51.000, 5.584716796875E-09
9524.750, -51.250, 5.584716796875E-09
9524.500, -51.500, 5.5908203125E-09
9524.250, -51.750, 5.5908203125E-09
9524.000, -52.000, 5.584716796875E-09
9523.750, -52.250, 5.584716796875E-09
9523.500, -52.500, 5.5908203125E-09
9523.250, -52.750, 5.584716796875E-09
9523.000, -53.000, 5.5877685546875E-09
9522.750, -53.250, 5.5908203125E-09
9522.500, -53.500, 5.5908203125E-09
9522.250, -53.750, 5.5938720703125E-09
9522.000, -54.000, 5.596923828125E-09
9521.750, -54.250, 5.5938720703125E-09
9521.500, -54.500, 5.5908203125E-09
9521.250, -54.750, 5.5877685546875E-09
9521.000, -55.000, 5.5908203125E-09
9520.750, -55.250, 5.584716796875E-09
9520.500, -55.500, 5.5816650390625E-09
9520.250, -55.750, 5.584716796875E-09
9520.000, -56.000, 5.584716796875E-09
9519.750, -56.250, 5.584716796875E-09
9519.500, -56.500, 5.5877685546875E-09
9519.250, -56.750, 5.5908203125E-09
9519.000, -57.000, 5.5877685546875E-09
9518.750, -57.250, 5.5877685546875E-09
9518.500, -57.500, 5.5877685546875E-09
9518.250, -57.750, 5.5908203125E-09
9518.000, -58.000, 5.5908203125E-09
9517.750, -58.250, 5.5877685546875E-09
9517.500, -58.500, 5.5877685546875E-09
9517.250, -58.750, 5.5816650390625E-09
9517.000, -59.000, 5.57861328125E-09
9516.750, -59.250, 5.5816650390625E-09
9516.500, -59.500, 5.57861328125E-09
9516.250, -59.750, 5.572509765625E-09
9516.000, -60.000, 5.5816650390625E-09
9515.750, -60.250, 5.5755615234375E-09
9515.500, -60.500, 5.57861328125E-09
9515.250, -60.750, 5.5816650390625E-09
9515.000, -61.000, 5.584716796875E-09
9514.750, -61.250, 5.5877685546875E-09
9514.500, -61.500, 5.5877685546875E-09
9514.250, -61.750, 5.5877685546875E-09
9514.000, -62.000, 5.5877685546875E-09
9513.750, -62.250, 5.5816650390625E-09
9513.500, -62.500, 5.584716796875E-09
9513.250, -62.750, 5.5877685546875E-09
9513.000, -63.000, 5.584716796875E-09
9512.750, -63.250, 5.57861328125E-09
9512.500, -63.500, 5.5755615234375E-09
9512.250, -63.750, 5.57861328125E-09
9512.000, -64.000, 5.5755615234375E-09
9511.750, -64.250, 5.572509765625E-09
9511.500, -64.500, 5.572509765625E-09
9511.250, -64.750, 5.57861328125E-09
9511.000, -65.000, 5.57861328125E-09
9510.750, -65.250, 5.572509765625E-09
9510.500, -65.500, 5.5755615234375E-09
9510.250, -65.750, 5.5755615234375E-09
9510.000, -66.000, 5.5755615234375E-09
9509.750, -66.250, 5.5755615234375E-09
9509.500, -66.500, 5.572509765625E-09
9509.250, -66.750, 5.57861328125E-09
9509.000, -67.000, 5.5816650390625E-09
9508.750, -67.250, 5.5816650390625E-09
9508.500, -67.500, 5.584716796875E-09
9508.250, -67.750, 5.5908203125E-09
9508.000, -68.000, 5.5908203125E-09
9507.750, -68.250, 5.5877685546875E-09
9507.500, -68.500, 5.5877685546875E-09
9507.250, -68.750, 5.5877685546875E-09
9507.000, -69.000, 5.5816650390625E-09
9506.750, -69.250, 5.57861328125E-09
9506.500, -69.500, 5.57861328125E-09
9506.250, -69.750, 5.5816650390625E-09
9506.000, -70.000, 5.57861328125E-09
9505.750, -70.250, 5.57861328125E-09
9505.500, -70.500, 5.57861328125E-09
9505.250, -70.750, 5.5816650390625E-09
9505.000, -71.000, 5.57861328125E-09
9504.750, -71.250, 5.5755615234375E-09
9504.500, -71.500, 5.5816650390625E-09
9504.250, -71.750, 5.5816650390625E-09
9504.000, -72.000, 5.5816650390625E-09
9503.750, -72.250, 5.584716796875E-09
9503.500, -72.500, 5.5908203125E-09
9503.250, -72.750, 5.5908203125E-09
9503.000, -73.000, 5.5877685546875E-09
9502.750, -73.250, 5.5877685546875E-09
9502.500, -73.500, 5.584716796875E-09
9502.250, -73.750, 5.5755615234375E-09
9502.000, -74.000, 5.572509765625E-09
9501.750, -74.250, 5.5755615234375E-09
9501.500, -74.500, 5.57861328125E-09
9501.250, -74.750, 5.57861328125E-09
9501.000, -75.000, 5.584716796875E-09
9500.750, -75.250, 5.5908203125E-09
9500.500, -75.500, 5.5908203125E-09
9500.250, -75.750, 5.5877685546875E-09
9500.000, -76.000, 5.5908203125E-09
9499.750, -76.250, 5.5938720703125E-09
9499.500, -76.500, 5.5877685546875E-09
9499.250, -76.750, 5.5908203125E-09
9499.000, -77.000, 5.5877685546875E-09
9498.750, -77.250, 5.5816650390625E-09
9498.500, -77.500, 5.57861328125E-09
9498.250, -77.750, 5.584716796875E-09
9498.000, -78.000, 5.5816650390625E-09
9497.750, -78.250, 5.5755615234375E-09
9497.500, -78.500, 5.5755615234375E-09
9497.250, -78.750, 5.57861328125E-09
9497.000, -79.000, 5.5816650390625E-09
9496.750, -79.250, 5.57861328125E-09
9496.500, -79.500, 5.57861328125E-09
9496.250, -79.750, 5.584716796875E-09
9496.000, -80.000, 5.5877685546875E-09
9495.750, -80.250, 5.5908203125E-09
9495.500, -80.500, 5.5908203125E-09
9495.250, -80.750, 5.5908203125E-09
9495.000, -81.000, 5.5877685546875E-09
9494.750, -81.250, 5.5908203125E-09
9494.500, -81.500, 5.5938720703125E-09
9494.250, -81.750, 5.5908203125E-09
9494.000, -82.000, 5.5908203125E-09
9493.750, -82.250, 5.5938720703125E-09
9493.500, -82.500, 5.5938720703125E-09
9493.250, -82.750, 5.5877685546875E-09
9493.000, -83.000, 5.5816650390625E-09
9492.750, -83.250, 5.5755615234375E-09
9492.500, -83.500, 5.57861328125E-09
9492.250, -83.750, 5.5755615234375E-09
9492.000, -84.000, 5.56640625E-09
9491.750, -84.250, 5.5755615234375E-09
9491.500, -84.500, 5.5755615234375E-09
9491.250, -84.750, 5.5755615234375E-09
9491.000, -85.000, 5.5694580078125E-09
9490.750, -85.250, 5.57861328125E-09
9490.500, -85.500, 5.57861328125E-09
9490.250, -85.750, 5.5755615234375E-09
9490.000, -86.000, 5.5816650390625E-09
9489.750, -86.250, 5.57861328125E-09
9489.500, -86.500, 5.5816650390625E-09
9489.250, -86.750, 5.584716796875E-09
9489.000, -87.000, 5.584716796875E-09
9488.750, -87.250, 5.5816650390625E-09
9488.500, -87.500, 5.5816650390625E-09
9488.250, -87.750, 5.584716796875E-09
9488.000, -88.000, 5.5816650390625E-09
9487.750, -88.250, 5.5755615234375E-09
9487.500, -88.500, 5.5755615234375E-09
9487.250, -88.750, 5.57861328125E-09
9487.000, -89.000, 5.5816650390625E-09
9486.750, -89.250, 5.57861328125E-09
9486.500, -89.500, 5.57861328125E-09
9486.250, -89.750, 5.5816650390625E-09
9486.000, -90.000, 5.584716796875E-09
9485.750, -90.250, 5.584716796875E-09
9485.500, -90.500, 5.5755615234375E-09
9485.250, -90.750, 5.5816650390625E-09
9485.000, -91.000, 5.5877685546875E-09
9484.750, -91.250, 5.5877685546875E-09
9484.500, -91.500, 5.5908203125E-09
9484.250, -91.750, 5.5908203125E-09
9484.000, -92.000, 5.5908203125E-09
9483.750, -92.250, 5.5908203125E-09
9483.500, -92.500, 5.5908203125E-09
9483.250, -92.750, 5.5908203125E-09
9483.000, -93.000, 5.5877685546875E-09
9482.750, -93.250, 5.57861328125E-09
9482.500, -93.500, 5.5755615234375E-09
9482.250, -93.750, 5.572509765625E-09
9482.000, -94.000, 5.5694580078125E-09
9481.750, -94.250, 5.5633544921875E-09
9481.500, -94.500, 5.56640625E-09
9481.250, -94.750, 5.5694580078125E-09
9481.000, -95.000, 5.5694580078125E-09
9480.750, -95.250, 5.56640625E-09
9480.500, -95.500, 5.56640625E-09
9480.250, -95.750, 5.572509765625E-09
9480.000, -96.000, 5.5755615234375E-09
9479.750, -96.250, 5.572509765625E-09
9479.500, -96.500, 5.57861328125E-09
9479.250, -96.750, 5.57861328125E-09
9479.000, -97.000, 5.5755615234375E-09
9478.750, -97.250, 5.5755615234375E-09
9478.500, -97.500, 5.5694580078125E-09
9478.250, -97.750, 5.57861328125E-09
9478.000, -98.000, 5.5755615234375E-09
9477.750, -98.250, 5.56640625E-09
9477.500, -98.500, 5.5694580078125E-09
9477.250, -98.750, 5.572509765625E-09
9477.000, -99.000, 5.5694580078125E-09
9476.750, -99.250, 5.56640625E-09
9476.500, -99.500, 5.5694580078125E-09
9476.250, -99.750, 5.5694580078125E-09
9476.000, -100.000, 5.56640625E-09
9475.750, -100.250, 5.5694580078125E-09
9475.500, -100.500, 5.572509765625E-09
9475.250, -100.750, 5.56640625E-09
9475.000, -101.000, 5.5633544921875E-09
9474.750, -101.250, 5.56640625E-09
9474.500, -101.500, 5.5694580078125E-09
9474.250, -101.750, 5.5694580078125E-09
9474.000, -102.000, 5.572509765625E-09
9473.750, -102.250, 5.5694580078125E-09
9473.500, -102.500, 5.56640625E-09
9473.250, -102.750, 5.56640625E-09
9473.000, -103.000, 5.5694580078125E-09
9472.750, -103.250, 5.56640625E-09
9472.500, -103.500, 5.5633544921875E-09
9472.250, -103.750, 5.5633544921875E-09
9472.000, -104.000, 5.56640625E-09
9471.750, -104.250, 5.572509765625E-09
9471.500, -104.500, 5.5694580078125E-09
9471.250, -104.750, 5.5694580078125E-09
9471.000, -105.000, 5.5755615234375E-09
9470.750, -105.250, 5.5755615234375E-09
9470.500, -105.500, 5.572509765625E-09
9470.250, -105.750, 5.572509765625E-09
9470.000, -106.000, 5.5694580078125E-09
9469.750, -106.250, 5.5755615234375E-09
9469.500, -106.500, 5.572509765625E-09
9469.250, -106.750, 5.57861328125E-09
9469.000, -107.000, 5.57861328125E-09
9468.750, -107.250, 5.572509765625E-09
9468.500, -107.500, 5.57861328125E-09
9468.250, -107.750, 5.5755615234375E-09
9468.000, -108.000, 5.56640625E-09
9467.750, -108.250, 5.56640625E-09
9467.500, -108.500, 5.572509765625E-09
9467.250, -108.750, 5.56640625E-09
9467.000, -109.000, 5.56640625E-09
9466.750, -109.250, 5.572509765625E-09
9466.500, -109.500, 5.5755615234375E-09
9466.250, -109.750, 5.5755615234375E-09
9466.000, -110.000, 5.57861328125E-09
9465.750, -110.250, 5.57861328125E-09
9465.500, -110.500, 5.57861328125E-09
9465.250, -110.750, 5.5816650390625E-09
9465.000, -111.000, 5.57861328125E-09
9464.750, -111.250, 5.5755615234375E-09
9464.500, -111.500, 5.5755615234375E-09
9464.250, -111.750, 5.57861328125E-09
9464.000, -112.000, 5.5755615234375E-09
9463.750, -112.250, 5.572509765625E-09
9463.500, -112.500, 5.5755615234375E-09
9463.250, -112.750, 5.5755615234375E-09
9463.000, -113.000, 5.5755615234375E-09
9462.750, -113.250, 5.572509765625E-09
9462.500, -113.500, 5.572509765625E-09
9462.250, -113.750, 5.572509765625E-09
9462.000, -114.000, 5.572509765625E-09
9461.750, -114.250, 5.572509765625E-09
9461.500, -114.500, 5.5755615234375E-09
9461.250, -114.750, 5.5816650390625E-09
9461.000, -115.000, 5.57861328125E-09
9460.750, -115.250, 5.572509765625E-09
9460.500, -115.500, 5.5694580078125E-09
9460.250, -115.750, 5.572509765625E-09
9460.000, -116.000, 5.572509765625E-09
9459.750, -116.250, 5.5694580078125E-09
9459.500, -116.500, 5.572509765625E-09
9459.250, -116.750, 5.5755615234375E-09
9459.000, -117.000, 5.5816650390625E-09
9458.750, -117.250, 5.5816650390625E-09
9458.500, -117.500, 5.5755615234375E-09
9458.250, -117.750, 5.5755615234375E-09
9458.000, -118.000, 5.57861328125E-09
9457.750, -118.250, 5.5755615234375E-09
9457.500, -118.500, 5.5694580078125E-09
9457.250, -118.750, 5.5694580078125E-09
9457.000, -119.000, 5.5755615234375E-09
9456.750, -119.250, 5.5755615234375E-09
9456.500, -119.500, 5.572509765625E-09
9456.250, -119.750, 5.5694580078125E-09
9456.000, -120.000, 5.5694580078125E-09
9455.750, -120.250, 5.56640625E-09
9455.500, -120.500, 5.5633544921875E-09
9455.250, -120.750, 5.56640625E-09
9455.000, -121.000, 5.56640625E-09
9454.750, -121.250, 5.56640625E-09
9454.500, -121.500, 5.56640625E-09
9454.250, -121.750, 5.5694580078125E-09
9454.000, -122.000, 5.572509765625E-09
9453.750, -122.250, 5.572509765625E-09
9453.500, -122.500, 5.56640625E-09
9453.250, -122.750, 5.56640625E-09
9453.000, -123.000, 5.572509765625E-09
9452.750, -123.250, 5.56640625E-09
9452.500, -123.500, 5.5694580078125E-09
9452.250, -123.750, 5.5694580078125E-09
9452.000, -124.000, 5.56640625E-09
9451.750, -124.250, 5.56640625E-09
9451.500, -124.500, 5.5694580078125E-09
9451.250, -124.750, 5.572509765625E-09
9451.000, -125.000, 5.5694580078125E-09
9450.750, -125.250, 5.5633544921875E-09
9450.500, -125.500, 5.5633544921875E-09
9450.250, -125.750, 5.5694580078125E-09
9450.000, -126.000, 5.5694580078125E-09
9449.750, -126.250, 5.5633544921875E-09
9449.500, -126.500, 5.560302734375E-09
9449.250, -126.750, 5.5694580078125E-09
9449.000, -127.000, 5.56640625E-09
9448.750, -127.250, 5.56640625E-09
9448.500, -127.500, 5.56640625E-09
9448.250, -127.750, 5.56640625E-09
9448.000, -128.000, 5.5694580078125E-09
9447.750, -128.250, 5.5633544921875E-09
9447.500, -128.500, 5.560302734375E-09
9447.250, -128.750, 5.560302734375E-09
9447.000, -129.000, 5.5572509765625E-09
9446.750, -129.250, 5.5572509765625E-09
9446.500, -129.500, 5.560302734375E-09
9446.250, -129.750, 5.560302734375E-09
9446.000, -130.000, 5.5572509765625E-09
9445.750, -130.250, 5.560302734375E-09
9445.500, -130.500, 5.56640625E-09
9445.250, -130.750, 5.56640625E-09
9445.000, -131.000, 5.56640625E-09
9444.750, -131.250, 5.56640625E-09
9444.500, -131.500, 5.572509765625E-09
9444.250, -131.750, 5.572509765625E-09
9444.000, -132.000, 5.572509765625E-09
9443.750, -132.250, 5.5694580078125E-09
9443.500, -132.500, 5.572509765625E-09
9443.250, -132.750, 5.57861328125E-09
9443.000, -133.000, 5.5755615234375E-09
9442.750, -133.250, 5.5694580078125E-09
9442.500, -133.500, 5.572509765625E-09
9442.250, -133.750, 5.572509765625E-09
9442.000, -134.000, 5.5633544921875E-09
9441.750, -134.250, 5.5633544921875E-09
9441.500, -134.500, 5.56640625E-09
9441.250, -134.750, 5.5633544921875E-09
9441.000, -135.000, 5.560302734375E-09
9440.750, -135.250, 5.5633544921875E-09
9440.500, -135.500, 5.5633544921875E-09
9440.250, -135.750, 5.5633544921875E-09
9440.000, -136.000, 5.5633544921875E-09
9439.750, -136.250, 5.560302734375E-09
9439.500, -136.500, 5.56640625E-09
9439.250, -136.750, 5.572509765625E-09
9439.000, -137.000, 5.5694580078125E-09
9438.750, -137.250, 5.572509765625E-09
9438.500, -137.500, 5.5755615234375E-09
9438.250, -137.750, 5.5755615234375E-09
9438.000, -138.000, 5.5694580078125E-09
9437.750, -138.250, 5.572509765625E-09
9437.500, -138.500, 5.5755615234375E-09
9437.250, -138.750, 5.5694580078125E-09
9437.000, -139.000, 5.56640625E-09
9436.750, -139.250, 5.56640625E-09
9436.500, -139.500, 5.56640625E-09
9436.250, -139.750, 5.5633544921875E-09
9436.000, -140.000, 5.5694580078125E-09
9435.750, -140.250, 5.572509765625E-09
9435.500, -140.500, 5.5755615234375E-09
9435.250, -140.750, 5.560302734375E-09
9435.000, -141.000, 5.5694580078125E-09
9434.750, -141.250, 5.56640625E-09
9434.500, -141.500, 5.5694580078125E-09
9434.250, -141.750, 5.572509765625E-09
9434.000, -142.000, 5.5694580078125E-09
9433.750, -142.250, 5.5633544921875E-09
9433.500, -142.500, 5.560302734375E-09
9433.250, -142.750, 5.56640625E-09
9433.000, -143.000, 5.56640625E-09
9432.750, -143.250, 5.56640625E-09
9432.500, -143.500, 5.5633544921875E-09
9432.250, -143.750, 5.572509765625E-09
9432.000, -144.000, 5.5694580078125E-09
9431.750, -144.250, 5.56640625E-09
9431.500, -144.500, 5.5633544921875E-09
9431.250, -144.750, 5.56640625E-09
9431.000, -145.000, 5.56640625E-09
9430.750, -145.250, 5.5633544921875E-09
9430.500, -145.500, 5.56640625E-09
9430.250, -145.750, 5.5694580078125E-09
9430.000, -146.000, 5.572509765625E-09
9429.750, -146.250, 5.5694580078125E-09
9429.500, -146.500, 5.5694580078125E-09
9429.250, -146.750, 5.5694580078125E-09
9429.000, -147.000, 5.5633544921875E-09
9428.750, -147.250, 5.572509765625E-09
9428.500, -147.500, 5.572509765625E-09
9428.250, -147.750, 5.5694580078125E-09
9428.000, -148.000, 5.5694580078125E-09
9427.750, -148.250, 5.572509765625E-09
9427.500, -148.500, 5.56640625E-09
9427.250, -148.750, 5.5694580078125E-09
9427.000, -149.000, 5.572509765625E-09
9426.750, -149.250, 5.572509765625E-09
9426.500, -149.500, 5.5694580078125E-09
9426.250, -149.750, 5.56640625E-09
9426.000, -150.000, 5.5755615234375E-09
9425.750, -150.250, 5.5694580078125E-09
9425.500, -150.500, 5.56640625E-09
9425.250, -150.750, 5.572509765625E-09
9425.000, -151.000, 5.572509765625E-09
9424.750, -151.250, 5.5694580078125E-09
9424.500, -151.500, 5.5694580078125E-09
9424.250, -151.750, 5.572509765625E-09
9424.000, -152.000, 5.572509765625E-09
9423.750, -152.250, 5.572509765625E-09
9423.500, -152.500, 5.572509765625E-09
9423.250, -152.750, 5.5694580078125E-09
9423.000, -153.000, 5.5694580078125E-09
9422.750, -153.250, 5.560302734375E-09
9422.500, -153.500, 5.5572509765625E-09
9422.250, -153.750, 5.560302734375E-09
9422.000, -154.000, 5.560302734375E-09
9421.750, -154.250, 5.56640625E-09
9421.500, -154.500, 5.5694580078125E-09
9421.250, -154.750, 5.56640625E-09
9421.000, -155.000, 5.572509765625E-09
9420.750, -155.250, 5.5755615234375E-09
9420.500, -155.500, 5.572509765625E-09
9420.250, -155.750, 5.56640625E-09
9420.000, -156.000, 5.56640625E-09
9419.750, -156.250, 5.5694580078125E-09
9419.500, -156.500, 5.5633544921875E-09
9419.250, -156.750, 5.560302734375E-09
9419.000, -157.000, 5.56640625E-09
9418.750, -157.250, 5.5694580078125E-09
9418.500, -157.500, 5.56640625E-09
9418.250, -157.750, 5.5694580078125E-09
9418.000, -158.000, 5.5694580078125E-09
9417.750, -158.250, 5.5694580078125E-09
9417.500, -158.500, 5.56640625E-09
9417.250, -158.750, 5.56640625E-09
9417.000, -159.000, 5.5694580078125E-09
9416.750, -159.250, 5.5694580078125E-09
9416.500, -159.500, 5.56640625E-09
9416.250, -159.750, 5.56640625E-09
9416.000, -160.000, 5.56640625E-09
9415.750, -160.250, 5.5633544921875E-09
9415.500, -160.500, 5.5633544921875E-09
9415.250, -160.750, 5.5633544921875E-09
9415.000, -161.000, 5.5572509765625E-09
9414.750, -161.250, 5.560302734375E-09
9414.500, -161.500, 5.5633544921875E-09
9414.250, -161.750, 5.5572509765625E-09
9414.000, -162.000, 5.5572509765625E-09
9413.750, -162.250, 5.5572509765625E-09
9413.500, -162.500, 5.5633544921875E-09
9413.250, -162.750, 5.560302734375E-09
9413.000, -163.000, 5.560302734375E-09
9412.750, -163.250, 5.56640625E-09
9412.500, -163.500, 5.5633544921875E-09
9412.250, -163.750, 5.5633544921875E-09
9412.000, -164.000, 5.56640625E-09
9411.750, -164.250, 5.56640625E-09
9411.500, -164.500, 5.560302734375E-09
9411.250, -164.750, 5.560302734375E-09
9411.000, -165.000, 5.5633544921875E-09
9410.750, -165.250, 5.5572509765625E-09
9410.500, -165.500, 5.5572509765625E-09
9410.250, -165.750, 5.560302734375E-09
9410.000, -166.000, 5.5633544921875E-09
9409.750, -166.250, 5.560302734375E-09
9409.500, -166.500, 5.5572509765625E-09
9409.250, -166.750, 5.5633544921875E-09
9409.000, -167.000, 5.5694580078125E-09
9408.750, -167.250, 5.56640625E-09
9408.500, -167.500, 5.56640625E-09
9408.250, -167.750, 5.56640625E-09
9408.000, -168.000, 5.5633544921875E-09
9407.750, -168.250, 5.5633544921875E-09
9407.500, -168.500, 5.5633544921875E-09
9407.250, -168.750, 5.56640625E-09
9407.000, -169.000, 5.56640625E-09
9406.750, -169.250, 5.56640625E-09
9406.500, -169.500, 5.56640625E-09
9406.250, -169.750, 5.5694580078125E-09
9406.000, -170.000, 5.5694580078125E-09
9405.750, -170.250, 5.5694580078125E-09
9405.500, -170.500, 5.5694580078125E-09
9405.250, -170.750, 5.572509765625E-09
9405.000, -171.000, 5.572509765625E-09
9404.750, -171.250, 5.5694580078125E-09
9404.500, -171.500, 5.572509765625E-09
9404.250, -171.750, 5.57861328125E-09
9404.000, -172.000, 5.5755615234375E-09
9403.750, -172.250, 5.5755615234375E-09
9403.500, -172.500, 5.5816650390625E-09
9403.250, -172.750, 5.57861328125E-09
9403.000, -173.000, 5.5755615234375E-09
9402.750, -173.250, 5.560302734375E-09
9402.500, -173.500, 5.56640625E-09
9402.250, -173.750, 5.5633544921875E-09
9402.000, -174.000, 5.56640625E-09
9401.750, -174.250, 5.572509765625E-09
9401.500, -174.500, 5.56640625E-09
9401.250, -174.750, 5.56640625E-09
9401.000, -175.000, 5.5694580078125E-09
9400.750, -175.250, 5.5694580078125E-09
9400.500, -175.500, 5.560302734375E-09
9400.250, -175.750, 5.5633544921875E-09
9400.000, -176.000, 5.5633544921875E-09
9399.750, -176.250, 5.5633544921875E-09
9399.500, -176.500, 5.56640625E-09
9399.250, -176.750, 5.56640625E-09
9399.000, -177.000, 5.5572509765625E-09
9398.750, -177.250, 5.5633544921875E-09
9398.500, -177.500, 5.56640625E-09
9398.250, -177.750, 5.5633544921875E-09
9398.000, -178.000, 5.560302734375E-09
9397.750, -178.250, 5.5633544921875E-09
9397.500, -178.500, 5.560302734375E-09
9397.250, -178.750, 5.5572509765625E-09
9397.000, -179.000, 5.5633544921875E-09
9396.750, -179.250, 5.5572509765625E-09
9396.500, -179.500, 5.5572509765625E-09
9396.250, -179.750, 5.55419921875E-09
9396.000, -180.000, 5.5572509765625E-09
9395.750, -180.250, 5.5633544921875E-09
9395.500, -180.500, 5.5633544921875E-09
9395.250, -180.750, 5.560302734375E-09
9395.000, -181.000, 5.56640625E-09
9394.750, -181.250, 5.56640625E-09
9394.500, -181.500, 5.560302734375E-09
9394.250, -181.750, 5.5633544921875E-09
9394.000, -182.000, 5.56640625E-09
9393.750, -182.250, 5.5633544921875E-09
9393.500, -182.500, 5.572509765625E-09
9393.250, -182.750, 5.56640625E-09
9393.000, -183.000, 5.56640625E-09
9392.750, -183.250, 5.5633544921875E-09
9392.500, -183.500, 5.5633544921875E-09
9392.250, -183.750, 5.5633544921875E-09
9392.000, -184.000, 5.5694580078125E-09
9391.750, -184.250, 5.5633544921875E-09
9391.500, -184.500, 5.560302734375E-09
9391.250, -184.750, 5.5633544921875E-09
9391.000, -185.000, 5.560302734375E-09
9390.750, -185.250, 5.560302734375E-09
9390.500, -185.500, 5.5633544921875E-09
9390.250, -185.750, 5.56640625E-09
9390.000, -186.000, 5.5633544921875E-09
9389.750, -186.250, 5.56640625E-09
9389.500, -186.500, 5.5694580078125E-09
9389.250, -186.750, 5.56640625E-09
9389.000, -187.000, 5.5633544921875E-09
9388.750, -187.250, 5.5633544921875E-09
9388.500, -187.500, 5.5633544921875E-09
9388.250, -187.750, 5.560302734375E-09
9388.000, -188.000, 5.560302734375E-09
9387.750, -188.250, 5.5633544921875E-09
9387.500, -188.500, 5.5572509765625E-09
9387.250, -188.750, 5.560302734375E-09
9387.000, -189.000, 5.56640625E-09
9386.750, -189.250, 5.56640625E-09
9386.500, -189.500, 5.560302734375E-09
9386.250, -189.750, 5.5633544921875E-09
9386.000, -190.000, 5.56640625E-09
9385.750, -190.250, 5.56640625E-09
9385.500, -190.500, 5.5572509765625E-09
9385.250, -190.750, 5.560302734375E-09
9385.000, -191.000, 5.5694580078125E-09
9384.750, -191.250, 5.56640625E-09
9384.500, -191.500, 5.5633544921875E-09
9384.250, -191.750, 5.5633544921875E-09
9384.000, -192.000, 5.56640625E-09
9383.750, -192.250, 5.5633544921875E-09
9383.500, -192.500, 5.560302734375E-09
9383.250, -192.750, 5.5633544921875E-09
9383.000, -193.000, 5.5572509765625E-09
9382.750, -193.250, 5.5572509765625E-09
9382.500, -193.500, 5.560302734375E-09
9382.250, -193.750, 5.5572509765625E-09
9382.000, -194.000, 5.560302734375E-09
9381.750, -194.250, 5.5633544921875E-09
9381.500, -194.500, 5.5633544921875E-09
9381.250, -194.750, 5.5633544921875E-09
9381.000, -195.000, 5.5633544921875E-09
9380.750, -195.250, 5.560302734375E-09
9380.500, -195.500, 5.560302734375E-09
9380.250, -195.750, 5.5633544921875E-09
9380.000, -196.000, 5.56640625E-09
9379.750, -196.250, 5.5633544921875E-09
9379.500, -196.500, 5.5633544921875E-09
9379.250, -196.750, 5.56640625E-09
9379.000, -197.000, 5.5694580078125E-09
9378.750, -197.250, 5.5633544921875E-09
9378.500, -197.500, 5.560302734375E-09
9378.250, -197.750, 5.560302734375E-09
9378.000, -198.000, 5.5633544921875E-09
9377.750, -198.250, 5.5572509765625E-09
9377.500, -198.500, 5.55419921875E-09
9377.250, -198.750, 5.5572509765625E-09
9377.000, -199.000, 5.5572509765625E-09
9376.750, -199.250, 5.55419921875E-09
9376.500, -199.500, 5.5572509765625E-09
9376.250, -199.750, 5.5572509765625E-09
9376.000, -200.000, 5.55419921875E-09
9375.750, -200.250, 5.5511474609375E-09
9375.500, -200.500, 5.5572509765625E-09
9375.250, -200.750, 5.5572509765625E-09
9375.000, -201.000, 5.560302734375E-09
9374.750, -201.250, 5.5633544921875E-09
9374.500, -201.500, 5.560302734375E-09
9374.250, -201.750, 5.560302734375E-09
9374.000, -202.000, 5.5633544921875E-09
9373.750, -202.250, 5.5633544921875E-09
9373.500, -202.500, 5.560302734375E-09
9373.250, -202.750, 5.560302734375E-09
9373.000, -203.000, 5.560302734375E-09
9372.750, -203.250, 5.5633544921875E-09
9372.500, -203.500, 5.560302734375E-09
9372.250, -203.750, 5.5572509765625E-09
9372.000, -204.000, 5.5633544921875E-09
9371.750, -204.250, 5.5633544921875E-09
9371.500, -204.500, 5.560302734375E-09
9371.250, -204.750, 5.560302734375E-09
9371.000, -205.000, 5.5633544921875E-09
9370.750, -205.250, 5.5633544921875E-09
9370.500, -205.500, 5.5633544921875E-09
9370.250, -205.750, 5.5572509765625E-09
9370.000, -206.000, 5.560302734375E-09
9369.750, -206.250, 5.560302734375E-09
9369.500, -206.500, 5.5633544921875E-09
9369.250, -206.750, 5.5572509765625E-09
9369.000, -207.000, 5.5572509765625E-09
9368.750, -207.250, 5.5633544921875E-09
9368.500, -207.500, 5.5633544921875E-09
9368.250, -207.750, 5.56640625E-09
9368.000, -208.000, 5.560302734375E-09
9367.750, -208.250, 5.5572509765625E-09
9367.500, -208.500, 5.5572509765625E-09
9367.250, -208.750, 5.5572509765625E-09
9367.000, -209.000, 5.55419921875E-09
9366.750, -209.250, 5.55419921875E-09
9366.500, -209.500, 5.55419921875E-09
9366.250, -209.750, 5.5572509765625E-09
9366.000, -210.000, 5.5572509765625E-09
9365.750, -210.250, 5.55419921875E-09
9365.500, -210.500, 5.548095703125E-09
9365.250, -210.750, 5.55419921875E-09
9365.000, -211.000, 5.5572509765625E-09
9364.750, -211.250, 5.5511474609375E-09
9364.500, -211.500, 5.55419921875E-09
9364.250, -211.750, 5.560302734375E-09
9364.000, -212.000, 5.560302734375E-09
9363.750, -212.250, 5.5572509765625E-09
9363.500, -212.500, 5.5572509765625E-09
9363.250, -212.750, 5.560302734375E-09
9363.000, -213.000, 5.560302734375E-09
9362.750, -213.250, 5.5572509765625E-09
9362.500, -213.500, 5.55419921875E-09
9362.250, -213.750, 5.55419921875E-09
9362.000, -214.000, 5.55419921875E-09
9361.750, -214.250, 5.5572509765625E-09
9361.500, -214.500, 5.5572509765625E-09
9361.250, -214.750, 5.5511474609375E-09
9361.000, -215.000, 5.55419921875E-09
9360.750, -215.250, 5.55419921875E-09
9360.500, -215.500, 5.5511474609375E-09
9360.250, -215.750, 5.548095703125E-09
9360.000, -216.000, 5.548095703125E-09
9359.750, -216.250, 5.55419921875E-09
9359.500, -216.500, 5.5511474609375E-09
9359.250, -216.750, 5.548095703125E-09
9359.000, -217.000, 5.548095703125E-09
9358.750, -217.250, 5.55419921875E-09
9358.500, -217.500, 5.5511474609375E-09
9358.250, -217.750, 5.5511474609375E-09
9358.000, -218.000, 5.55419921875E-09
9357.750, -218.250, 5.55419921875E-09
9357.500, -218.500, 5.5511474609375E-09
9357.250, -218.750, 5.5572509765625E-09
9357.000, -219.000, 5.55419921875E-09
9356.750, -219.250, 5.5511474609375E-09
9356.500, -219.500, 5.548095703125E-09
9356.250, -219.750, 5.55419921875E-09
9356.000, -220.000, 5.5511474609375E-09
9355.750, -220.250, 5.5511474609375E-09
9355.500, -220.500, 5.5511474609375E-09
9355.250, -220.750, 5.548095703125E-09
9355.000, -221.000, 5.5511474609375E-09
9354.750, -221.250, 5.5511474609375E-09
9354.500, -221.500, 5.55419921875E-09
9354.250, -221.750, 5.55419921875E-09
9354.000, -222.000, 5.55419921875E-09
9353.750, -222.250, 5.5572509765625E-09
9353.500, -222.500, 5.560302734375E-09
9353.250, -222.750, 5.55419921875E-09
9353.000, -223.000, 5.55419921875E-09
9352.750, -223.250, 5.55419921875E-09
9352.500, -223.500, 5.548095703125E-09
9352.250, -223.750, 5.548095703125E-09
9352.000, -224.000, 5.55419921875E-09
9351.750, -224.250, 5.5511474609375E-09
9351.500, -224.500, 5.548095703125E-09
9351.250, -224.750, 5.548095703125E-09
9351.000, -225.000, 5.55419921875E-09
9350.750, -225.250, 5.55419921875E-09
9350.500, -225.500, 5.5511474609375E-09
9350.250, -225.750, 5.55419921875E-09
9350.000, -226.000, 5.55419921875E-09
9349.750, -226.250, 5.5572509765625E-09
9349.500, -226.500, 5.55419921875E-09
9349.250, -226.750, 5.55419921875E-09
9349.000, -227.000, 5.5572509765625E-09
9348.750, -227.250, 5.560302734375E-09
9348.500, -227.500, 5.560302734375E-09
9348.250, -227.750, 5.560302734375E-09
9348.000, -228.000, 5.560302734375E-09
9347.750, -228.250, 5.5572509765625E-09
9347.500, -228.500, 5.5572509765625E-09
9347.250, -228.750, 5.55419921875E-09
9347.000, -229.000, 5.5511474609375E-09
9346.750, -229.250, 5.55419921875E-09
9346.500, -229.500, 5.5572509765625E-09
9346.250, -229.750, 5.55419921875E-09
9346.000, -230.000, 5.55419921875E-09
9345.750, -230.250, 5.5572509765625E-09
9345.500, -230.500, 5.5572509765625E-09
9345.250, -230.750, 5.55419921875E-09
9345.000, -231.000, 5.55419921875E-09
9344.750, -231.250, 5.5572509765625E-09
9344.500, -231.500, 5.55419921875E-09
9344.250, -231.750, 5.55419921875E-09
9344.000, -232.000, 5.55419921875E-09
9343.750, -232.250, 5.5572509765625E-09
9343.500, -232.500, 5.560302734375E-09
9343.250, -232.750, 5.560302734375E-09
9343.000, -233.000, 5.560302734375E-09
9342.750, -233.250, 5.560302734375E-09
9342.500, -233.500, 5.5572509765625E-09
9342.250, -233.750, 5.560302734375E-09
9342.000, -234.000, 5.5633544921875E-09
9341.750, -234.250, 5.560302734375E-09
9341.500, -234.500, 5.56640625E-09
9341.250, -234.750, 5.5694580078125E-09
9341.000, -235.000, 5.5633544921875E-09
9340.750, -235.250, 5.56640625E-09
9340.500, -235.500, 5.5694580078125E-09
9340.250, -235.750, 5.56640625E-09
9340.000, -236.000, 5.56640625E-09
9339.750, -236.250, 5.560302734375E-09
9339.500, -236.500, 5.560302734375E-09
9339.250, -236.750, 5.560302734375E-09
9339.000, -237.000, 5.560302734375E-09
9338.750, -237.250, 5.55419921875E-09
9338.500, -237.500, 5.560302734375E-09
9338.250, -237.750, 5.560302734375E-09
9338.000, -238.000, 5.5511474609375E-09
9337.750, -238.250, 5.55419921875E-09
9337.500, -238.500, 5.5572509765625E-09
9337.250, -238.750, 5.55419921875E-09
9337.000, -239.000, 5.55419921875E-09
9336.750, -239.250, 5.5572509765625E-09
9336.500, -239.500, 5.560302734375E-09
9336.250, -239.750, 5.560302734375E-09
9336.000, -240.000, 5.5572509765625E-09
9335.750, -240.250, 5.5633544921875E-09
9335.500, -240.500, 5.5633544921875E-09
9335.250, -240.750, 5.560302734375E-09
9335.000, -241.000, 5.5633544921875E-09
9334.750, -241.250, 5.560302734375E-09
9334.500, -241.500, 5.5572509765625E-09
9334.250, -241.750, 5.5572509765625E-09
9334.000, -242.000, 5.5572509765625E-09
9333.750, -242.250, 5.548095703125E-09
9333.500, -242.500, 5.5511474609375E-09
9333.250, -242.750, 5.548095703125E-09
9333.000, -243.000, 5.5450439453125E-09
9332.750, -243.250, 5.548095703125E-09
9332.500, -243.500, 5.548095703125E-09
9332.250, -243.750, 5.5450439453125E-09
9332.000, -244.000, 5.548095703125E-09
9331.750, -244.250, 5.548095703125E-09
9331.500, -244.500, 5.5511474609375E-09
9331.250, -244.750, 5.5450439453125E-09
9331.000, -245.000, 5.548095703125E-09
9330.750, -245.250, 5.5511474609375E-09
9330.500, -245.500, 5.5511474609375E-09
9330.250, -245.750, 5.5511474609375E-09
9330.000, -246.000, 5.5572509765625E-09
9329.750, -246.250, 5.560302734375E-09
9329.500, -246.500, 5.5572509765625E-09
9329.250, -246.750, 5.5572509765625E-09
9329.000, -247.000, 5.560302734375E-09
9328.750, -247.250, 5.560302734375E-09
9328.500, -247.500, 5.55419921875E-09
9328.250, -247.750, 5.55419921875E-09
9328.000, -248.000, 5.55419921875E-09
9327.750, -248.250, 5.55419921875E-09
9327.500, -248.500, 5.55419921875E-09
9327.250, -248.750, 5.548095703125E-09
9327.000, -249.000, 5.5511474609375E-09
9326.750, -249.250, 5.5450439453125E-09
9326.500, -249.500, 5.548095703125E-09
9326.250, -249.750, 5.5450439453125E-09
9326.000, -250.000, 5.548095703125E-09
9325.750, -250.250, 5.548095703125E-09
9325.500, -250.500, 5.548095703125E-09
9325.250, -250.750, 5.548095703125E-09
9325.000, -251.000, 5.548095703125E-09
9324.750, -251.250, 5.5511474609375E-09
9324.500, -251.500, 5.5511474609375E-09
9324.250, -251.750, 5.5450439453125E-09
9324.000, -252.000, 5.548095703125E-09
9323.750, -252.250, 5.5511474609375E-09
9323.500, -252.500, 5.548095703125E-09
9323.250, -252.750, 5.5511474609375E-09
9323.000, -253.000, 5.55419921875E-09
9322.750, -253.250, 5.5572509765625E-09
9322.500, -253.500, 5.55419921875E-09
9322.250, -253.750, 5.55419921875E-09
9322.000, -254.000, 5.560302734375E-09
9321.750, -254.250, 5.560302734375E-09
9321.500, -254.500, 5.5572509765625E-09
9321.250, -254.750, 5.55419921875E-09
9321.000, -255.000, 5.5572509765625E-09
9320.750, -255.250, 5.5572509765625E-09
9320.500, -255.500, 5.5511474609375E-09
9320.250, -255.750, 5.5511474609375E-09
9320.000, -256.000, 5.55419921875E-09
9319.750, -256.250, 5.548095703125E-09
9319.500, -256.500, 5.5450439453125E-09
9319.250, -256.750, 5.5511474609375E-09
9319.000, -257.000, 5.5450439453125E-09
9318.750, -257.250, 5.5450439453125E-09
9318.500, -257.500, 5.548095703125E-09
9318.250, -257.750, 5.548095703125E-09
9318.000, -258.000, 5.5419921875E-09
9317.750, -258.250, 5.5419921875E-09
9317.500, -258.500, 5.5389404296875E-09
9317.250, -258.750, 5.5450439453125E-09
9317.000, -259.000, 5.5450439453125E-09
9316.750, -259.250, 5.5419921875E-09
9316.500, -259.500, 5.5450439453125E-09
9316.250, -259.750, 5.5511474609375E-09
9316.000, -260.000, 5.5511474609375E-09
9315.750, -260.250, 5.5450439453125E-09
9315.500, -260.500, 5.5450439453125E-09
9315.250, -260.750, 5.5511474609375E-09
9315.000, -261.000, 5.5511474609375E-09
9314.750, -261.250, 5.5450439453125E-09
9314.500, -261.500, 5.548095703125E-09
9314.250, -261.750, 5.548095703125E-09
9314.000, -262.000, 5.5511474609375E-09
9313.750, -262.250, 5.548095703125E-09
9313.500, -262.500, 5.548095703125E-09
9313.250, -262.750, 5.55419921875E-09
9313.000, -263.000, 5.5511474609375E-09
9312.750, -263.250, 5.548095703125E-09
9312.500, -263.500, 5.5450439453125E-09
9312.250, -263.750, 5.548095703125E-09
9312.000, -264.000, 5.548095703125E-09
9311.750, -264.250, 5.5450439453125E-09
9311.500, -264.500, 5.55419921875E-09
9311.250, -264.750, 5.5511474609375E-09
9311.000, -265.000, 5.548095703125E-09
9310.750, -265.250, 5.5450439453125E-09
9310.500, -265.500, 5.5511474609375E-09
9310.250, -265.750, 5.5511474609375E-09
9310.000, -266.000, 5.5450439453125E-09
9309.750, -266.250, 5.5419921875E-09
9309.500, -266.500, 5.5419921875E-09
9309.250, -266.750, 5.5450439453125E-09
9309.000, -267.000, 5.5389404296875E-09
9308.750, -267.250, 5.535888671875E-09
9308.500, -267.500, 5.5389404296875E-09
9308.250, -267.750, 5.535888671875E-09
9308.000, -268.000, 5.535888671875E-09
9307.750, -268.250, 5.5419921875E-09
9307.500, -268.500, 5.5419921875E-09
9307.250, -268.750, 5.5419921875E-09
9307.000, -269.000, 5.5419921875E-09
9306.750, -269.250, 5.548095703125E-09
9306.500, -269.500, 5.548095703125E-09
9306.250, -269.750, 5.5450439453125E-09
9306.000, -270.000, 5.548095703125E-09
9305.750, -270.250, 5.55419921875E-09
9305.500, -270.500, 5.5511474609375E-09
9305.250, -270.750, 5.5450439453125E-09
9305.000, -271.000, 5.5511474609375E-09
9304.750, -271.250, 5.5511474609375E-09
9304.500, -271.500, 5.548095703125E-09
9304.250, -271.750, 5.548095703125E-09
9304.000, -272.000, 5.5511474609375E-09
9303.750, -272.250, 5.5450439453125E-09
9303.500, -272.500, 5.548095703125E-09
9303.250, -272.750, 5.5511474609375E-09
9303.000, -273.000, 5.548095703125E-09
9302.750, -273.250, 5.548095703125E-09
9302.500, -273.500, 5.548095703125E-09
9302.250, -273.750, 5.55419921875E-09
9302.000, -274.000, 5.5511474609375E-09
9301.750, -274.250, 5.548095703125E-09
9301.500, -274.500, 5.55419921875E-09
9301.250, -274.750, 5.55419921875E-09
9301.000, -275.000, 5.55419921875E-09
9300.750, -275.250, 5.5572509765625E-09
9300.500, -275.500, 5.560302734375E-09
9300.250, -275.750, 5.560302734375E-09
9300.000, -276.000, 5.55419921875E-09
9299.750, -276.250, 5.5572509765625E-09
9299.500, -276.500, 5.5572509765625E-09
9299.250, -276.750, 5.55419921875E-09
9299.000, -277.000, 5.5511474609375E-09
9298.750, -277.250, 5.5511474609375E-09
9298.500, -277.500, 5.5511474609375E-09
9298.250, -277.750, 5.548095703125E-09
9298.000, -278.000, 5.5450439453125E-09
9297.750, -278.250, 5.548095703125E-09
9297.500, -278.500, 5.5419921875E-09
9297.250, -278.750, 5.548095703125E-09
9297.000, -279.000, 5.5511474609375E-09
9296.750, -279.250, 5.5511474609375E-09
9296.500, -279.500, 5.548095703125E-09
9296.250, -279.750, 5.5511474609375E-09
9296.000, -280.000, 5.5511474609375E-09
9295.750, -280.250, 5.5450439453125E-09
9295.500, -280.500, 5.548095703125E-09
9295.250, -280.750, 5.5511474609375E-09
9295.000, -281.000, 5.5511474609375E-09
9294.750, -281.250, 5.5450439453125E-09
9294.500, -281.500, 5.5450439453125E-09
9294.250, -281.750, 5.548095703125E-09
9294.000, -282.000, 5.548095703125E-09
9293.750, -282.250, 5.5419921875E-09
9293.500, -282.500, 5.5419921875E-09
9293.250, -282.750, 5.5450439453125E-09
9293.000, -283.000, 5.5419921875E-09
9292.750, -283.250, 5.5389404296875E-09
9292.500, -283.500, 5.5389404296875E-09
9292.250, -283.750, 5.5419921875E-09
9292.000, -284.000, 5.5450439453125E-09
9291.750, -284.250, 5.5419921875E-09
9291.500, -284.500, 5.5389404296875E-09
9291.250, -284.750, 5.5419921875E-09
9291.000, -285.000, 5.5419921875E-09
9290.750, -285.250, 5.5450439453125E-09
9290.500, -285.500, 5.548095703125E-09
9290.250, -285.750, 5.5450439453125E-09
9290.000, -286.000, 5.5511474609375E-09
9289.750, -286.250, 5.5511474609375E-09
9289.500, -286.500, 5.548095703125E-09
9289.250, -286.750, 5.548095703125E-09
9289.000, -287.000, 5.548095703125E-09
9288.750, -287.250, 5.5511474609375E-09
9288.500, -287.500, 5.548095703125E-09
9288.250, -287.750, 5.5419921875E-09
9288.000, -288.000, 5.5450439453125E-09
9287.750, -288.250, 5.548095703125E-09
9287.500, -288.500, 5.548095703125E-09
9287.250, -288.750, 5.5450439453125E-09
9287.000, -289.000, 5.5450439453125E-09
9286.750, -289.250, 5.5511474609375E-09
9286.500, -289.500, 5.5511474609375E-09
9286.250, -289.750, 5.5419921875E-09
9286.000, -290.000, 5.548095703125E-09
9285.750, -290.250, 5.548095703125E-09
9285.500, -290.500, 5.5450439453125E-09
9285.250, -290.750, 5.548095703125E-09
9285.000, -291.000, 5.5511474609375E-09
9284.750, -291.250, 5.548095703125E-09
9284.500, -291.500, 5.5450439453125E-09
9284.250, -291.750, 5.548095703125E-09
9284.000, -292.000, 5.5450439453125E-09
9283.750, -292.250, 5.548095703125E-09
9283.500, -292.500, 5.548095703125E-09
9283.250, -292.750, 5.5419921875E-09
9283.000, -293.000, 5.548095703125E-09
9282.750, -293.250, 5.5450439453125E-09
9282.500, -293.500, 5.5389404296875E-09
9282.250, -293.750, 5.5419921875E-09
9282.000, -294.000, 5.5450439453125E-09
9281.750, -294.250, 5.5389404296875E-09
9281.500, -294.500, 5.5419921875E-09
9281.250, -294.750, 5.5419921875E-09
9281.000, -295.000, 5.5389404296875E-09
9280.750, -295.250, 5.5389404296875E-09
9280.500, -295.500, 5.5419921875E-09
9280.250, -295.750, 5.5450439453125E-09
9280.000, -296.000, 5.5419921875E-09
9279.750, -296.250, 5.5419921875E-09
9279.500, -296.500, 5.548095703125E-09
9279.250, -296.750, 5.5450439453125E-09
9279.000, -297.000, 5.5450439453125E-09
9278.750, -297.250, 5.5450439453125E-09
9278.500, -297.500, 5.5511474609375E-09
9278.250, -297.750, 5.548095703125E-09
9278.000, -298.000, 5.548095703125E-09
9277.750, -298.250, 5.5511474609375E-09
9277.500, -298.500, 5.548095703125E-09
9277.250, -298.750, 5.548095703125E-09
9277.000, -299.000, 5.548095703125E-09
9276.750, -299.250, 5.5450439453125E-09
9276.500, -299.500, 5.5389404296875E-09
9276.250, -299.750, 5.5419921875E-09
9276.000, -300.000, 5.5450439453125E-09
9275.750, -300.250, 5.5419921875E-09
9275.500, -300.500, 5.5419921875E-09
9275.250, -300.750, 5.548095703125E-09
9275.000, -301.000, 5.5450439453125E-09
9274.750, -301.250, 5.5419921875E-09
9274.500, -301.500, 5.5450439453125E-09
9274.250, -301.750, 5.5450439453125E-09
9274.000, -302.000, 5.5450439453125E-09
9273.750, -302.250, 5.5389404296875E-09
9273.500, -302.500, 5.5389404296875E-09
9273.250, -302.750, 5.5419921875E-09
9273.000, -303.000, 5.5389404296875E-09
9272.750, -303.250, 5.5328369140625E-09
9272.500, -303.500, 5.5328369140625E-09
9272.250, -303.750, 5.535888671875E-09
9272.000, -304.000, 5.535888671875E-09
9271.750, -304.250, 5.5328369140625E-09
9271.500, -304.500, 5.5328369140625E-09
9271.250, -304.750, 5.5389404296875E-09
9271.000, -305.000, 5.5328369140625E-09
9270.750, -305.250, 5.5328369140625E-09
9270.500, -305.500, 5.5389404296875E-09
9270.250, -305.750, 5.5389404296875E-09
9270.000, -306.000, 5.5389404296875E-09
9269.750, -306.250, 5.5419921875E-09
9269.500, -306.500, 5.5389404296875E-09
9269.250, -306.750, 5.5419921875E-09
9269.000, -307.000, 5.5450439453125E-09
9268.750, -307.250, 5.5389404296875E-09
9268.500, -307.500, 5.5389404296875E-09
9268.250, -307.750, 5.5419921875E-09
9268.000, -308.000, 5.5419921875E-09
9267.750, -308.250, 5.5328369140625E-09
9267.500, -308.500, 5.52978515625E-09
9267.250, -308.750, 5.52978515625E-09
9267.000, -309.000, 5.52978515625E-09
9266.750, -309.250, 5.5328369140625E-09
9266.500, -309.500, 5.5328369140625E-09
9266.250, -309.750, 5.5328369140625E-09
9266.000, -310.000, 5.5328369140625E-09
9265.750, -310.250, 5.535888671875E-09
9265.500, -310.500, 5.5419921875E-09
9265.250, -310.750, 5.5419921875E-09
9265.000, -311.000, 5.5419921875E-09
9264.750, -311.250, 5.5450439453125E-09
9264.500, -311.500, 5.548095703125E-09
9264.250, -311.750, 5.5419921875E-09
9264.000, -312.000, 5.548095703125E-09
9263.750, -312.250, 5.548095703125E-09
9263.500, -312.500, 5.5511474609375E-09
9263.250, -312.750, 5.548095703125E-09
9263.000, -313.000, 5.5511474609375E-09
9262.750, -313.250, 5.548095703125E-09
9262.500, -313.500, 5.548095703125E-09
9262.250, -313.750, 5.548095703125E-09
9262.000, -314.000, 5.5419921875E-09
9261.750, -314.250, 5.548095703125E-09
9261.500, -314.500, 5.5450439453125E-09
9261.250, -314.750, 5.5450439453125E-09
9261.000, -315.000, 5.5450439453125E-09
9260.750, -315.250, 5.5450439453125E-09
9260.500, -315.500, 5.5450439453125E-09
9260.250, -315.750, 5.548095703125E-09
9260.000, -316.000, 5.548095703125E-09
9259.750, -316.250, 5.548095703125E-09
9259.500, -316.500, 5.548095703125E-09
9259.250, -316.750, 5.5511474609375E-09
9259.000, -317.000, 5.5511474609375E-09
9258.750, -317.250, 5.548095703125E-09
9258.500, -317.500, 5.5511474609375E-09
9258.250, -317.750, 5.548095703125E-09
9258.000, -318.000, 5.548095703125E-09
9257.750, -318.250, 5.548095703125E-09
9257.500, -318.500, 5.548095703125E-09
9257.250, -318.750, 5.548095703125E-09
9257.000, -319.000, 5.5450439453125E-09
9256.750, -319.250, 5.548095703125E-09
9256.500, -319.500, 5.5511474609375E-09
9256.250, -319.750, 5.55419921875E-09
9256.000, -320.000, 5.5572509765625E-09
9255.750, -320.250, 5.560302734375E-09
9255.500, -320.500, 5.5572509765625E-09
9255.250, -320.750, 5.5572509765625E-09
9255.000, -321.000, 5.5572509765625E-09
9254.750, -321.250, 5.5572509765625E-09
9254.500, -321.500, 5.5511474609375E-09
9254.250, -321.750, 5.55419921875E-09
9254.000, -322.000, 5.5511474609375E-09
9253.750, -322.250, 5.5511474609375E-09
9253.500, -322.500, 5.5450439453125E-09
9253.250, -322.750, 5.548095703125E-09
9253.000, -323.000, 5.5450439453125E-09
9252.750, -323.250, 5.5450439453125E-09
9252.500, -323.500, 5.548095703125E-09
9252.250, -323.750, 5.548095703125E-09
9252.000, -324.000, 5.5450439453125E-09
9251.750, -324.250, 5.5450439453125E-09
9251.500, -324.500, 5.548095703125E-09
9251.250, -324.750, 5.548095703125E-09
9251.000, -325.000, 5.5450439453125E-09
9250.750, -325.250, 5.5419921875E-09
9250.500, -325.500, 5.5450439453125E-09
9250.250, -325.750, 5.5450439453125E-09
9250.000, -326.000, 5.5419921875E-09
9249.750, -326.250, 5.5419921875E-09
9249.500, -326.500, 5.5389404296875E-09
9249.250, -326.750, 5.5389404296875E-09
9249.000, -327.000, 5.535888671875E-09
9248.750, -327.250, 5.5328369140625E-09
9248.500, -327.500, 5.5328369140625E-09
9248.250, -327.750, 5.535888671875E-09
9248.000, -328.000, 5.5328369140625E-09
9247.750, -328.250, 5.535888671875E-09
9247.500, -328.500, 5.535888671875E-09
9247.250, -328.750, 5.535888671875E-09
9247.000, -329.000, 5.5328369140625E-09
9246.750, -329.250, 5.5328369140625E-09
9246.500, -329.500, 5.52978515625E-09
9246.250, -329.750, 5.52978515625E-09
9246.000, -330.000, 5.5328369140625E-09
9245.750, -330.250, 5.5328369140625E-09
9245.500, -330.500, 5.5328369140625E-09
9245.250, -330.750, 5.535888671875E-09
9245.000, -331.000, 5.535888671875E-09
9244.750, -331.250, 5.535888671875E-09
9244.500, -331.500, 5.535888671875E-09
9244.250, -331.750, 5.5419921875E-09
9244.000, -332.000, 5.535888671875E-09
9243.750, -332.250, 5.5328369140625E-09
9243.500, -332.500, 5.5389404296875E-09
9243.250, -332.750, 5.5389404296875E-09
9243.000, -333.000, 5.5419921875E-09
9242.750, -333.250, 5.5389404296875E-09
9242.500, -333.500, 5.5389404296875E-09
9242.250, -333.750, 5.5419921875E-09
9242.000, -334.000, 5.5419921875E-09
9241.750, -334.250, 5.5389404296875E-09
9241.500, -334.500, 5.5450439453125E-09
9241.250, -334.750, 5.5419921875E-09
9241.000, -335.000, 5.5389404296875E-09
9240.750, -335.250, 5.5419921875E-09
9240.500, -335.500, 5.5419921875E-09
9240.250, -335.750, 5.5389404296875E-09
9240.000, -336.000, 5.535888671875E-09
9239.750, -336.250, 5.5389404296875E-09
9239.500, -336.500, 5.535888671875E-09
9239.250, -336.750, 5.535888671875E-09
9239.000, -337.000, 5.535888671875E-09
9238.750, -337.250, 5.5389404296875E-09
9238.500, -337.500, 5.5419921875E-09
9238.250, -337.750, 5.5389404296875E-09
9238.000, -338.000, 5.5450439453125E-09
9237.750, -338.250, 5.548095703125E-09
9237.500, -338.500, 5.5450439453125E-09
9237.250, -338.750, 5.5419921875E-09
9237.000, -339.000, 5.5450439453125E-09
9236.750, -339.250, 5.5419921875E-09
9236.500, -339.500, 5.5419921875E-09
9236.250, -339.750, 5.5419921875E-09
9236.000, -340.000, 5.5419921875E-09
9235.750, -340.250, 5.5419921875E-09
9235.500, -340.500, 5.5450439453125E-09
9235.250, -340.750, 5.548095703125E-09
9235.000, -341.000, 5.548095703125E-09
9234.750, -341.250, 5.5450439453125E-09
9234.500, -341.500, 5.548095703125E-09
9234.250, -341.750, 5.5450439453125E-09
9234.000, -342.000, 5.5419921875E-09
9233.750, -342.250, 5.5389404296875E-09
9233.500, -342.500, 5.5419921875E-09
9233.250, -342.750, 5.5389404296875E-09
9233.000, -343.000, 5.535888671875E-09
9232.750, -343.250, 5.5389404296875E-09
9232.500, -343.500, 5.5419921875E-09
9232.250, -343.750, 5.5389404296875E-09
9232.000, -344.000, 5.5389404296875E-09
9231.750, -344.250, 5.5419921875E-09
9231.500, -344.500, 5.5419921875E-09
9231.250, -344.750, 5.5389404296875E-09
9231.000, -345.000, 5.5419921875E-09
9230.750, -345.250, 5.5419921875E-09
9230.500, -345.500, 5.5389404296875E-09
9230.250, -345.750, 5.5419921875E-09
9230.000, -346.000, 5.5450439453125E-09
9229.750, -346.250, 5.5389404296875E-09
9229.500, -346.500, 5.5419921875E-09
9229.250, -346.750, 5.535888671875E-09
9229.000, -347.000, 5.535888671875E-09
9228.750, -347.250, 5.5389404296875E-09
9228.500, -347.500, 5.5328369140625E-09
9228.250, -347.750, 5.5328369140625E-09
9228.000, -348.000, 5.535888671875E-09
9227.750, -348.250, 5.5328369140625E-09
9227.500, -348.500, 5.5328369140625E-09
9227.250, -348.750, 5.535888671875E-09
9227.000, -349.000, 5.535888671875E-09
9226.750, -349.250, 5.535888671875E-09
9226.500, -349.500, 5.5328369140625E-09
9226.250, -349.750, 5.5389404296875E-09
9226.000, -350.000, 5.5389404296875E-09
9225.750, -350.250, 5.5389404296875E-09
9225.500, -350.500, 5.5419921875E-09
9225.250, -350.750, 5.5450439453125E-09
9225.000, -351.000, 5.5419921875E-09
9224.750, -351.250, 5.5419921875E-09
9224.500, -351.500, 5.5389404296875E-09
9224.250, -351.750, 5.535888671875E-09
9224.000, -352.000, 5.5328369140625E-09
9223.750, -352.250, 5.52978515625E-09
9223.500, -352.500, 5.52978515625E-09
9223.250, -352.750, 5.5267333984375E-09
9223.000, -353.000, 5.5267333984375E-09
9222.750, -353.250, 5.5267333984375E-09
9222.500, -353.500, 5.52978515625E-09
9222.250, -353.750, 5.5267333984375E-09
9222.000, -354.000, 5.52978515625E-09
9221.750, -354.250, 5.5328369140625E-09
9221.500, -354.500, 5.52978515625E-09
9221.250, -354.750, 5.52978515625E-09
9221.000, -355.000, 5.52978515625E-09
9220.750, -355.250, 5.5328369140625E-09
9220.500, -355.500, 5.52978515625E-09
9220.250, -355.750, 5.52978515625E-09
9220.000, -356.000, 5.5328369140625E-09
9219.750, -356.250, 5.535888671875E-09
9219.500, -356.500, 5.535888671875E-09
9219.250, -356.750, 5.5328369140625E-09
9219.000, -357.000, 5.5328369140625E-09
9218.750, -357.250, 5.5389404296875E-09
9218.500, -357.500, 5.535888671875E-09
9218.250, -357.750, 5.5328369140625E-09
9218.000, -358.000, 5.5389404296875E-09
9217.750, -358.250, 5.5389404296875E-09
9217.500, -358.500, 5.535888671875E-09
9217.250, -358.750, 5.5389404296875E-09
9217.000, -359.000, 5.5389404296875E-09
9216.750, -359.250, 5.535888671875E-09
9216.500, -359.500, 5.535888671875E-09
9216.250, -359.750, 5.535888671875E-09
9216.000, -360.000, 5.5389404296875E-09
9215.750, -360.250, 5.5389404296875E-09
9215.500, -360.500, 5.5389404296875E-09
9215.250, -360.750, 5.5389404296875E-09
9215.000, -361.000, 5.535888671875E-09
9214.750, -361.250, 5.5389404296875E-09
9214.500, -361.500, 5.5389404296875E-09
9214.250, -361.750, 5.5389404296875E-09
9214.000, -362.000, 5.5419921875E-09
9213.750, -362.250, 5.5389404296875E-09
9213.500, -362.500, 5.5389404296875E-09
9213.250, -362.750, 5.5419921875E-09
9213.000, -363.000, 5.535888671875E-09
9212.750, -363.250, 5.535888671875E-09
9212.500, -363.500, 5.535888671875E-09
9212.250, -363.750, 5.5389404296875E-09
9212.000, -364.000, 5.5328369140625E-09
9211.750, -364.250, 5.5389404296875E-09
9211.500, -364.500, 5.5389404296875E-09
9211.250, -364.750, 5.535888671875E-09
9211.000, -365.000, 5.5389404296875E-09
9210.750, -365.250, 5.5389404296875E-09
9210.500, -365.500, 5.535888671875E-09
9210.250, -365.750, 5.535888671875E-09
9210.000, -366.000, 5.535888671875E-09
9209.750, -366.250, 5.5389404296875E-09
9209.500, -366.500, 5.5389404296875E-09
9209.250, -366.750, 5.5389404296875E-09
9209.000, -367.000, 5.5389404296875E-09
9208.750, -367.250, 5.5389404296875E-09
9208.500, -367.500, 5.5419921875E-09
9208.250, -367.750, 5.5419921875E-09
9208.000, -368.000, 5.5389404296875E-09
9207.750, -368.250, 5.5419921875E-09
9207.500, -368.500, 5.5450439453125E-09
9207.250, -368.750, 5.5419921875E-09
9207.000, -369.000, 5.5419921875E-09
9206.750, -369.250, 5.5419921875E-09
9206.500, -369.500, 5.5419921875E-09
9206.250, -369.750, 5.5419921875E-09
9206.000, -370.000, 5.5389404296875E-09
9205.750, -370.250, 5.5419921875E-09
9205.500, -370.500, 5.5450439453125E-09
9205.250, -370.750, 5.5389404296875E-09
9205.000, -371.000, 5.5419921875E-09
9204.750, -371.250, 5.5450439453125E-09
9204.500, -371.500, 5.5419921875E-09
9204.250, -371.750, 5.5389404296875E-09
9204.000, -372.000, 5.5389404296875E-09
9203.750, -372.250, 5.5419921875E-09
9203.500, -372.500, 5.5389404296875E-09
9203.250, -372.750, 5.5389404296875E-09
9203.000, -373.000, 5.5389404296875E-09
9202.750, -373.250, 5.5389404296875E-09
9202.500, -373.500, 5.5389404296875E-09
9202.250, -373.750, 5.5419921875E-09
9202.000, -374.000, 5.5419921875E-09
9201.750, -374.250, 5.5389404296875E-09
9201.500, -374.500, 5.5450439453125E-09
9201.250, -374.750, 5.548095703125E-09
9201.000, -375.000, 5.5450439453125E-09
9200.750, -375.250, 5.548095703125E-09
9200.500, -375.500, 5.55419921875E-09
9200.250, -375.750, 5.548095703125E-09
9200.000, -376.000, 5.5450439453125E-09
9199.750, -376.250, 5.5511474609375E-09
9199.500, -376.500, 5.5511474609375E-09
9199.250, -376.750, 5.5511474609375E-09
9199.000, -377.000, 5.5450439453125E-09
9198.750, -377.250, 5.5450439453125E-09
9198.500, -377.500, 5.5450439453125E-09
9198.250, -377.750, 5.535888671875E-09
9198.000, -378.000, 5.5389404296875E-09
9197.750, -378.250, 5.5389404296875E-09
9197.500, -378.500, 5.535888671875E-09
9197.250, -378.750, 5.535888671875E-09
9197.000, -379.000, 5.5389404296875E-09
9196.750, -379.250, 5.5389404296875E-09
9196.500, -379.500, 5.535888671875E-09
9196.250, -379.750, 5.535888671875E-09
9196.000, -380.000, 5.5389404296875E-09
9195.750, -380.250, 5.535888671875E-09
9195.500, -380.500, 5.5389404296875E-09
9195.250, -380.750, 5.5328369140625E-09
9195.000, -381.000, 5.5328369140625E-09
9194.750, -381.250, 5.5328369140625E-09
9194.500, -381.500, 5.5328369140625E-09
9194.250, -381.750, 5.5328369140625E-09
9194.000, -382.000, 5.5328369140625E-09
9193.750, -382.250, 5.535888671875E-09
9193.500, -382.500, 5.535888671875E-09
9193.250, -382.750, 5.535888671875E-09
9193.000, -383.000, 5.535888671875E-09
9192.750, -383.250, 5.5419921875E-09
9192.500, -383.500, 5.5389404296875E-09
9192.250, -383.750, 5.535888671875E-09
9192.000, -384.000, 5.5389404296875E-09
9191.750, -384.250, 5.535888671875E-09
9191.500, -384.500, 5.5389404296875E-09
9191.250, -384.750, 5.5419921875E-09
9191.000, -385.000, 5.5328369140625E-09
9190.750, -385.250, 5.535888671875E-09
9190.500, -385.500, 5.5389404296875E-09
9190.250, -385.750, 5.535888671875E-09
9190.000, -386.000, 5.5328369140625E-09
9189.750, -386.250, 5.5328369140625E-09
9189.500, -386.500, 5.535888671875E-09
9189.250, -386.750, 5.52978515625E-09
9189.000, -387.000, 5.5328369140625E-09
9188.750, -387.250, 5.5328369140625E-09
9188.500, -387.500, 5.535888671875E-09
9188.250, -387.750, 5.5328369140625E-09
9188.000, -388.000, 5.5328369140625E-09
9187.750, -388.250, 5.5328369140625E-09
9187.500, -388.500, 5.535888671875E-09
9187.250, -388.750, 5.52978515625E-09
9187.000, -389.000, 5.523681640625E-09
9186.750, -389.250, 5.52978515625E-09
9186.500, -389.500, 5.52978515625E-09
9186.250, -389.750, 5.5267333984375E-09
9186.000, -390.000, 5.5267333984375E-09
9185.750, -390.250, 5.52978515625E-09
9185.500, -390.500, 5.523681640625E-09
9185.250, -390.750, 5.5267333984375E-09
9185.000, -391.000, 5.52978515625E-09
9184.750, -391.250, 5.523681640625E-09
9184.500, -391.500, 5.5267333984375E-09
9184.250, -391.750, 5.523681640625E-09
9184.000, -392.000, 5.523681640625E-09
9183.750, -392.250, 5.5206298828125E-09
9183.500, -392.500, 5.5206298828125E-09
9183.250, -392.750, 5.523681640625E-09
9183.000, -393.000, 5.523681640625E-09
9182.750, -393.250, 5.523681640625E-09
9182.500, -393.500, 5.523681640625E-09
9182.250, -393.750, 5.523681640625E-09
9182.000, -394.000, 5.523681640625E-09
9181.750, -394.250, 5.523681640625E-09
9181.500, -394.500, 5.5267333984375E-09
9181.250, -394.750, 5.523681640625E-09
9181.000, -395.000, 5.523681640625E-09
9180.750, -395.250, 5.5328369140625E-09
9180.500, -395.500, 5.52978515625E-09
9180.250, -395.750, 5.5267333984375E-09
9180.000, -396.000, 5.5328369140625E-09
9179.750, -396.250, 5.5328369140625E-09
9179.500, -396.500, 5.52978515625E-09
9179.250, -396.750, 5.5328369140625E-09
9179.000, -397.000, 5.5389404296875E-09
9178.750, -397.250, 5.52978515625E-09
9178.500, -397.500, 5.52978515625E-09
9178.250, -397.750, 5.5328369140625E-09
9178.000, -398.000, 5.52978515625E-09
9177.750, -398.250, 5.52978515625E-09
9177.500, -398.500, 5.5328369140625E-09
9177.250, -398.750, 5.5328369140625E-09
9177.000, -399.000, 5.52978515625E-09
9176.750, -399.250, 5.5328369140625E-09
9176.500, -399.500, 5.5328369140625E-09
9176.250, -399.750, 5.52978515625E-09
9176.000, -400.000, 5.52978515625E-09
9175.750, -400.250, 5.5328369140625E-09
9175.500, -400.500, 5.52978515625E-09
9175.250, -400.750, 5.52978515625E-09
9175.000, -401.000, 5.5328369140625E-09
9174.750, -401.250, 5.5267333984375E-09
9174.500, -401.500, 5.5267333984375E-09
9174.250, -401.750, 5.5328369140625E-09
9174.000, -402.000, 5.52978515625E-09
9173.750, -402.250, 5.5267333984375E-09
9173.500, -402.500, 5.5328369140625E-09
9173.250, -402.750, 5.535888671875E-09
9173.000, -403.000, 5.5267333984375E-09
9172.750, -403.250, 5.52978515625E-09
9172.500, -403.500, 5.52978515625E-09
9172.250, -403.750, 5.5328369140625E-09
9172.000, -404.000, 5.5267333984375E-09
9171.750, -404.250, 5.5328369140625E-09
9171.500, -404.500, 5.5328369140625E-09
9171.250, -404.750, 5.5328369140625E-09
9171.000, -405.000, 5.52978515625E-09
9170.750, -405.250, 5.535888671875E-09
9170.500, -405.500, 5.52978515625E-09
9170.250, -405.750, 5.52978515625E-09
9170.000, -406.000, 5.52978515625E-09
9169.750, -406.250, 5.5328369140625E-09
9169.500, -406.500, 5.5267333984375E-09
9169.250, -406.750, 5.5267333984375E-09
9169.000, -407.000, 5.52978515625E-09
9168.750, -407.250, 5.5267333984375E-09
9168.500, -407.500, 5.5267333984375E-09
9168.250, -407.750, 5.5267333984375E-09
9168.000, -408.000, 5.5267333984375E-09
9167.750, -408.250, 5.523681640625E-09
9167.500, -408.500, 5.5267333984375E-09
9167.250, -408.750, 5.5206298828125E-09
9167.000, -409.000, 5.5267333984375E-09
9166.750, -409.250, 5.52978515625E-09
9166.500, -409.500, 5.52978515625E-09
9166.250, -409.750, 5.523681640625E-09
9166.000, -410.000, 5.5267333984375E-09
9165.750, -410.250, 5.5328369140625E-09
9165.500, -410.500, 5.5267333984375E-09
9165.250, -410.750, 5.5267333984375E-09
9165.000, -411.000, 5.5328369140625E-09
9164.750, -411.250, 5.5328369140625E-09
9164.500, -411.500, 5.52978515625E-09
9164.250, -411.750, 5.52978515625E-09
9164.000, -412.000, 5.5328369140625E-09
9163.750, -412.250, 5.5328369140625E-09
9163.500, -412.500, 5.535888671875E-09
9163.250, -412.750, 5.5328369140625E-09
9163.000, -413.000, 5.5328369140625E-09
9162.750, -413.250, 5.535888671875E-09
9162.500, -413.500, 5.5328369140625E-09
9162.250, -413.750, 5.535888671875E-09
9162.000, -414.000, 5.5389404296875E-09
9161.750, -414.250, 5.5389404296875E-09
9161.500, -414.500, 5.5419921875E-09
9161.250, -414.750, 5.5419921875E-09
9161.000, -415.000, 5.5419921875E-09
9160.750, -415.250, 5.5419921875E-09
9160.500, -415.500, 5.5389404296875E-09
9160.250, -415.750, 5.5419921875E-09
9160.000, -416.000, 5.5328369140625E-09
9159.750, -416.250, 5.535888671875E-09
9159.500, -416.500, 5.5328369140625E-09
9159.250, -416.750, 5.5328369140625E-09
9159.000, -417.000, 5.5328369140625E-09
9158.750, -417.250, 5.5328369140625E-09
9158.500, -417.500, 5.52978515625E-09
9158.250, -417.750, 5.52978515625E-09
9158.000, -418.000, 5.52978515625E-09
9157.750, -418.250, 5.52978515625E-09
9157.500, -418.500, 5.52978515625E-09
9157.250, -418.750, 5.5267333984375E-09
9157.000, -419.000, 5.52978515625E-09
9156.750, -419.250, 5.52978515625E-09
9156.500, -419.500, 5.52978515625E-09
9156.250, -419.750, 5.52978515625E-09
9156.000, -420.000, 5.5328369140625E-09
9155.750, -420.250, 5.5328369140625E-09
9155.500, -420.500, 5.5328369140625E-09
9155.250, -420.750, 5.52978515625E-09
9155.000, -421.000, 5.52978515625E-09
9154.750, -421.250, 5.5328369140625E-09
9154.500, -421.500, 5.5328369140625E-09
9154.250, -421.750, 5.52978515625E-09
9154.000, -422.000, 5.535888671875E-09
9153.750, -422.250, 5.5328369140625E-09
9153.500, -422.500, 5.535888671875E-09
9153.250, -422.750, 5.52978515625E-09
9153.000, -423.000, 5.5328369140625E-09
9152.750, -423.250, 5.52978515625E-09
9152.500, -423.500, 5.5267333984375E-09
9152.250, -423.750, 5.523681640625E-09
9152.000, -424.000, 5.5267333984375E-09
9151.750, -424.250, 5.523681640625E-09
9151.500, -424.500, 5.523681640625E-09
9151.250, -424.750, 5.5267333984375E-09
9151.000, -425.000, 5.52978515625E-09
9150.750, -425.250, 5.52978515625E-09
9150.500, -425.500, 5.5328369140625E-09
9150.250, -425.750, 5.5328369140625E-09
9150.000, -426.000, 5.52978515625E-09
9149.750, -426.250, 5.52978515625E-09
9149.500, -426.500, 5.5328369140625E-09
9149.250, -426.750, 5.535888671875E-09
9149.000, -427.000, 5.52978515625E-09
9148.750, -427.250, 5.5328369140625E-09
9148.500, -427.500, 5.535888671875E-09
9148.250, -427.750, 5.5328369140625E-09
9148.000, -428.000, 5.52978515625E-09
9147.750, -428.250, 5.52978515625E-09
9147.500, -428.500, 5.523681640625E-09
9147.250, -428.750, 5.52978515625E-09
9147.000, -429.000, 5.52978515625E-09
9146.750, -429.250, 5.5267333984375E-09
9146.500, -429.500, 5.5267333984375E-09
9146.250, -429.750, 5.5267333984375E-09
9146.000, -430.000, 5.52978515625E-09
9145.750, -430.250, 5.5328369140625E-09
9145.500, -430.500, 5.5328369140625E-09
9145.250, -430.750, 5.52978515625E-09
9145.000, -431.000, 5.535888671875E-09
9144.750, -431.250, 5.5389404296875E-09
9144.500, -431.500, 5.535888671875E-09
9144.250, -431.750, 5.535888671875E-09
9144.000, -432.000, 5.5389404296875E-09
9143.750, -432.250, 5.5419921875E-09
9143.500, -432.500, 5.5419921875E-09
9143.250, -432.750, 5.5389404296875E-09
9143.000, -433.000, 5.5389404296875E-09
9142.750, -433.250, 5.5389404296875E-09
9142.500, -433.500, 5.5389404296875E-09
9142.250, -433.750, 5.5328369140625E-09
9142.000, -434.000, 5.5389404296875E-09
9141.750, -434.250, 5.535888671875E-09
9141.500, -434.500, 5.52978515625E-09
9141.250, -434.750, 5.5328369140625E-09
9141.000, -435.000, 5.52978515625E-09
9140.750, -435.250, 5.5267333984375E-09
9140.500, -435.500, 5.52978515625E-09
9140.250, -435.750, 5.52978515625E-09
9140.000, -436.000, 5.52978515625E-09
9139.750, -436.250, 5.5328369140625E-09
9139.500, -436.500, 5.52978515625E-09
9139.250, -436.750, 5.52978515625E-09
9139.000, -437.000, 5.535888671875E-09
9138.750, -437.250, 5.52978515625E-09
9138.500, -437.500, 5.52978515625E-09
9138.250, -437.750, 5.5328369140625E-09
9138.000, -438.000, 5.535888671875E-09
9137.750, -438.250, 5.5328369140625E-09
9137.500, -438.500, 5.5328369140625E-09
9137.250, -438.750, 5.5328369140625E-09
9137.000, -439.000, 5.5328369140625E-09
9136.750, -439.250, 5.5328369140625E-09
9136.500, -439.500, 5.52978515625E-09
9136.250, -439.750, 5.5267333984375E-09
9136.000, -440.000, 5.52978515625E-09
9135.750, -440.250, 5.5328369140625E-09
9135.500, -440.500, 5.52978515625E-09
9135.250, -440.750, 5.52978515625E-09
9135.000, -441.000, 5.52978515625E-09
9134.750, -441.250, 5.5328369140625E-09
9134.500, -441.500, 5.52978515625E-09
9134.250, -441.750, 5.52978515625E-09
9134.000, -442.000, 5.5328369140625E-09
9133.750, -442.250, 5.535888671875E-09
9133.500, -442.500, 5.5328369140625E-09
9133.250, -442.750, 5.5328369140625E-09
9133.000, -443.000, 5.535888671875E-09
9132.750, -443.250, 5.52978515625E-09
9132.500, -443.500, 5.5267333984375E-09
9132.250, -443.750, 5.52978515625E-09
9132.000, -444.000, 5.52978515625E-09
9131.750, -444.250, 5.523681640625E-09
9131.500, -444.500, 5.523681640625E-09
9131.250, -444.750, 5.52978515625E-09
9131.000, -445.000, 5.5267333984375E-09
9130.750, -445.250, 5.523681640625E-09
9130.500, -445.500, 5.523681640625E-09
9130.250, -445.750, 5.52978515625E-09
9130.000, -446.000, 5.523681640625E-09
9129.750, -446.250, 5.5267333984375E-09
9129.500, -446.500, 5.5206298828125E-09
9129.250, -446.750, 5.523681640625E-09
9129.000, -447.000, 5.523681640625E-09
9128.750, -447.250, 5.5206298828125E-09
9128.500, -447.500, 5.5206298828125E-09
9128.250, -447.750, 5.523681640625E-09
9128.000, -448.000, 5.523681640625E-09
9127.750, -448.250, 5.5206298828125E-09
9127.500, -448.500, 5.5206298828125E-09
9127.250, -448.750, 5.5267333984375E-09
9127.000, -449.000, 5.523681640625E-09
9126.750, -449.250, 5.523681640625E-09
9126.500, -449.500, 5.5267333984375E-09
9126.250, -449.750, 5.523681640625E-09
9126.000, -450.000, 5.5267333984375E-09
9125.750, -450.250, 5.523681640625E-09
9125.500, -450.500, 5.5267333984375E-09
9125.250, -450.750, 5.523681640625E-09
9125.000, -451.000, 5.5267333984375E-09
9124.750, -451.250, 5.52978515625E-09
9124.500, -451.500, 5.5267333984375E-09
9124.250, -451.750, 5.5267333984375E-09
9124.000, -452.000, 5.52978515625E-09
9123.750, -452.250, 5.5267333984375E-09
9123.500, -452.500, 5.5267333984375E-09
9123.250, -452.750, 5.5267333984375E-09
9123.000, -453.000, 5.5267333984375E-09
9122.750, -453.250, 5.5267333984375E-09
9122.500, -453.500, 5.5267333984375E-09
9122.250, -453.750, 5.52978515625E-09
9122.000, -454.000, 5.5267333984375E-09
9121.750, -454.250, 5.5267333984375E-09
9121.500, -454.500, 5.5267333984375E-09
9121.250, -454.750, 5.52978515625E-09
9121.000, -455.000, 5.523681640625E-09
9120.750, -455.250, 5.52978515625E-09
9120.500, -455.500, 5.5267333984375E-09
9120.250, -455.750, 5.5267333984375E-09
9120.000, -456.000, 5.5267333984375E-09
9119.750, -456.250, 5.5267333984375E-09
9119.500, -456.500, 5.5267333984375E-09
9119.250, -456.750, 5.5206298828125E-09
9119.000, -457.000, 5.523681640625E-09
9118.750, -457.250, 5.5206298828125E-09
9118.500, -457.500, 5.517578125E-09
9118.250, -457.750, 5.5206298828125E-09
9118.000, -458.000, 5.523681640625E-09
9117.750, -458.250, 5.523681640625E-09
9117.500, -458.500, 5.523681640625E-09
9117.250, -458.750, 5.52978515625E-09
9117.000, -459.000, 5.52978515625E-09
9116.750, -459.250, 5.52978515625E-09
9116.500, -459.500, 5.52978515625E-09
9116.250, -459.750, 5.5328369140625E-09
9116.000, -460.000, 5.535888671875E-09
9115.750, -460.250, 5.52978515625E-09
9115.500, -460.500, 5.5328369140625E-09
9115.250, -460.750, 5.5328369140625E-09
9115.000, -461.000, 5.52978515625E-09
9114.750, -461.250, 5.5267333984375E-09
9114.500, -461.500, 5.5267333984375E-09
9114.250, -461.750, 5.523681640625E-09
9114.000, -462.000, 5.523681640625E-09
9113.750, -462.250, 5.5206298828125E-09
9113.500, -462.500, 5.5206298828125E-09
9113.250, -462.750, 5.523681640625E-09
9113.000, -463.000, 5.5145263671875E-09
9112.750, -463.250, 5.5206298828125E-09
9112.500, -463.500, 5.5145263671875E-09
9112.250, -463.750, 5.517578125E-09
9112.000, -464.000, 5.5145263671875E-09
9111.750, -464.250, 5.5145263671875E-09
9111.500, -464.500, 5.517578125E-09
9111.250, -464.750, 5.5206298828125E-09
9111.000, -465.000, 5.5206298828125E-09
9110.750, -465.250, 5.517578125E-09
9110.500, -465.500, 5.5206298828125E-09
9110.250, -465.750, 5.5206298828125E-09
9110.000, -466.000, 5.517578125E-09
9109.750, -466.250, 5.5206298828125E-09
9109.500, -466.500, 5.5267333984375E-09
9109.250, -466.750, 5.52978515625E-09
9109.000, -467.000, 5.5267333984375E-09
9108.750, -467.250, 5.52978515625E-09
9108.500, -467.500, 5.5328369140625E-09
9108.250, -467.750, 5.5267333984375E-09
9108.000, -468.000, 5.52978515625E-09
9107.750, -468.250, 5.52978515625E-09
9107.500, -468.500, 5.5328369140625E-09
9107.250, -468.750, 5.52978515625E-09
9107.000, -469.000, 5.5328369140625E-09
9106.750, -469.250, 5.5328369140625E-09
9106.500, -469.500, 5.52978515625E-09
9106.250, -469.750, 5.52978515625E-09
9106.000, -470.000, 5.52978515625E-09
9105.750, -470.250, 5.5267333984375E-09
9105.500, -470.500, 5.5267333984375E-09
9105.250, -470.750, 5.523681640625E-09
9105.000, -471.000, 5.5267333984375E-09
9104.750, -471.250, 5.5267333984375E-09
9104.500, -471.500, 5.523681640625E-09
9104.250, -471.750, 5.5267333984375E-09
9104.000, -472.000, 5.52978515625E-09
9103.750, -472.250, 5.52978515625E-09
9103.500, -472.500, 5.52978515625E-09
9103.250, -472.750, 5.52978515625E-09
9103.000, -473.000, 5.535888671875E-09
9102.750, -473.250, 5.5328369140625E-09
9102.500, -473.500, 5.535888671875E-09
9102.250, -473.750, 5.5328369140625E-09
9102.000, -474.000, 5.5328369140625E-09
9101.750, -474.250, 5.535888671875E-09
9101.500, -474.500, 5.5389404296875E-09
9101.250, -474.750, 5.535888671875E-09
9101.000, -475.000, 5.535888671875E-09
9100.750, -475.250, 5.5419921875E-09
9100.500, -475.500, 5.535888671875E-09
9100.250, -475.750, 5.535888671875E-09
9100.000, -476.000, 5.535888671875E-09
9099.750, -476.250, 5.5389404296875E-09
9099.500, -476.500, 5.535888671875E-09
9099.250, -476.750, 5.5328369140625E-09
9099.000, -477.000, 5.535888671875E-09
9098.750, -477.250, 5.52978515625E-09
9098.500, -477.500, 5.52978515625E-09
9098.250, -477.750, 5.5267333984375E-09
9098.000, -478.000, 5.5267333984375E-09
9097.750, -478.250, 5.5267333984375E-09
9097.500, -478.500, 5.5267333984375E-09
9097.250, -478.750, 5.5267333984375E-09
9097.000, -479.000, 5.52978515625E-09
9096.750, -479.250, 5.5267333984375E-09
9096.500, -479.500, 5.5267333984375E-09
9096.250, -479.750, 5.52978515625E-09
9096.000, -480.000, 5.52978515625E-09
9095.750, -480.250, 5.5267333984375E-09
9095.500, -480.500, 5.52978515625E-09
9095.250, -480.750, 5.52978515625E-09
9095.000, -481.000, 5.5267333984375E-09
9094.750, -481.250, 5.5267333984375E-09
9094.500, -481.500, 5.5267333984375E-09
9094.250, -481.750, 5.523681640625E-09
9094.000, -482.000, 5.5206298828125E-09
9093.750, -482.250, 5.523681640625E-09
9093.500, -482.500, 5.523681640625E-09
9093.250, -482.750, 5.517578125E-09
9093.000, -483.000, 5.517578125E-09
9092.750, -483.250, 5.5206298828125E-09
9092.500, -483.500, 5.517578125E-09
9092.250, -483.750, 5.5145263671875E-09
9092.000, -484.000, 5.517578125E-09
9091.750, -484.250, 5.5145263671875E-09
9091.500, -484.500, 5.517578125E-09
9091.250, -484.750, 5.5206298828125E-09
9091.000, -485.000, 5.517578125E-09
9090.750, -485.250, 5.5145263671875E-09
9090.500, -485.500, 5.5145263671875E-09
9090.250, -485.750, 5.517578125E-09
9090.000, -486.000, 5.5145263671875E-09
9089.750, -486.250, 5.517578125E-09
9089.500, -486.500, 5.517578125E-09
9089.250, -486.750, 5.517578125E-09
9089.000, -487.000, 5.517578125E-09
9088.750, -487.250, 5.517578125E-09
9088.500, -487.500, 5.517578125E-09
9088.250, -487.750, 5.5145263671875E-09
9088.000, -488.000, 5.5206298828125E-09
9087.750, -488.250, 5.5145263671875E-09
9087.500, -488.500, 5.517578125E-09
9087.250, -488.750, 5.517578125E-09
9087.000, -489.000, 5.5206298828125E-09
9086.750, -489.250, 5.5206298828125E-09
9086.500, -489.500, 5.5206298828125E-09
9086.250, -489.750, 5.5267333984375E-09
9086.000, -490.000, 5.52978515625E-09
9085.750, -490.250, 5.5328369140625E-09
9085.500, -490.500, 5.5328369140625E-09
9085.250, -490.750, 5.5328369140625E-09
9085.000, -491.000, 5.52978515625E-09
9084.750, -491.250, 5.535888671875E-09
9084.500, -491.500, 5.535888671875E-09
9084.250, -491.750, 5.5328369140625E-09
9084.000, -492.000, 5.535888671875E-09
9083.750, -492.250, 5.5389404296875E-09
9083.500, -492.500, 5.535888671875E-09
9083.250, -492.750, 5.535888671875E-09
9083.000, -493.000, 5.535888671875E-09
9082.750, -493.250, 5.52978515625E-09
9082.500, -493.500, 5.5267333984375E-09
9082.250, -493.750, 5.52978515625E-09
9082.000, -494.000, 5.523681640625E-09
9081.750, -494.250, 5.5206298828125E-09
9081.500, -494.500, 5.517578125E-09
9081.250, -494.750, 5.523681640625E-09
9081.000, -495.000, 5.5206298828125E-09
9080.750, -495.250, 5.517578125E-09
9080.500, -495.500, 5.523681640625E-09
9080.250, -495.750, 5.523681640625E-09
9080.000, -496.000, 5.523681640625E-09
9079.750, -496.250, 5.52978515625E-09
9079.500, -496.500, 5.52978515625E-09
9079.250, -496.750, 5.52978515625E-09
9079.000, -497.000, 5.52978515625E-09
9078.750, -497.250, 5.5328369140625E-09
9078.500, -497.500, 5.52978515625E-09
9078.250, -497.750, 5.5267333984375E-09
9078.000, -498.000, 5.5328369140625E-09
9077.750, -498.250, 5.5328369140625E-09
9077.500, -498.500, 5.52978515625E-09
9077.250, -498.750, 5.5328369140625E-09
9077.000, -499.000, 5.5328369140625E-09
9076.750, -499.250, 5.5328369140625E-09
9076.500, -499.500, 5.52978515625E-09
9076.250, -499.750, 5.5328369140625E-09
9076.000, -500.000, 5.52978515625E-09
9075.750, -500.250, 5.5267333984375E-09
9075.500, -500.500, 5.5267333984375E-09
9075.250, -500.750, 5.5267333984375E-09
9075.000, -501.000, 5.523681640625E-09
9074.750, -501.250, 5.523681640625E-09
9074.500, -501.500, 5.5267333984375E-09
9074.250, -501.750, 5.523681640625E-09
9074.000, -502.000, 5.523681640625E-09
9073.750, -502.250, 5.5267333984375E-09
9073.500, -502.500, 5.5267333984375E-09
9073.250, -502.750, 5.523681640625E-09
9073.000, -503.000, 5.523681640625E-09
9072.750, -503.250, 5.5267333984375E-09
9072.500, -503.500, 5.5267333984375E-09
9072.250, -503.750, 5.5206298828125E-09
9072.000, -504.000, 5.523681640625E-09
9071.750, -504.250, 5.5206298828125E-09
9071.500, -504.500, 5.523681640625E-09
9071.250, -504.750, 5.523681640625E-09
9071.000, -505.000, 5.5206298828125E-09
9070.750, -505.250, 5.5267333984375E-09
9070.500, -505.500, 5.5267333984375E-09
9070.250, -505.750, 5.523681640625E-09
9070.000, -506.000, 5.523681640625E-09
9069.750, -506.250, 5.523681640625E-09
9069.500, -506.500, 5.5267333984375E-09
9069.250, -506.750, 5.5206298828125E-09
9069.000, -507.000, 5.523681640625E-09
9068.750, -507.250, 5.523681640625E-09
9068.500, -507.500, 5.5267333984375E-09
9068.250, -507.750, 5.517578125E-09
9068.000, -508.000, 5.5206298828125E-09
9067.750, -508.250, 5.5206298828125E-09
9067.500, -508.500, 5.5206298828125E-09
9067.250, -508.750, 5.5145263671875E-09
9067.000, -509.000, 5.5145263671875E-09
9066.750, -509.250, 5.5206298828125E-09
9066.500, -509.500, 5.517578125E-09
9066.250, -509.750, 5.5145263671875E-09
9066.000, -510.000, 5.511474609375E-09
9065.750, -510.250, 5.511474609375E-09
9065.500, -510.500, 5.511474609375E-09
9065.250, -510.750, 5.5145263671875E-09
9065.000, -511.000, 5.511474609375E-09
9064.750, -511.250, 5.511474609375E-09
9064.500, -511.500, 5.5084228515625E-09
9064.250, -511.750, 5.5145263671875E-09
9064.000, -512.000, 5.511474609375E-09
9063.750, -512.250, 5.5084228515625E-09
9063.500, -512.500, 5.5084228515625E-09
9063.250, -512.750, 5.5145263671875E-09
9063.000, -513.000, 5.5084228515625E-09
9062.750, -513.250, 5.5084228515625E-09
9062.500, -513.500, 5.511474609375E-09
9062.250, -513.750, 5.517578125E-09
9062.000, -514.000, 5.5145263671875E-09
9061.750, -514.250, 5.5145263671875E-09
9061.500, -514.500, 5.5145263671875E-09
9061.250, -514.750, 5.517578125E-09
9061.000, -515.000, 5.5206298828125E-09
9060.750, -515.250, 5.5206298828125E-09
9060.500, -515.500, 5.517578125E-09
9060.250, -515.750, 5.5206298828125E-09
9060.000, -516.000, 5.523681640625E-09
9059.750, -516.250, 5.5206298828125E-09
9059.500, -516.500, 5.523681640625E-09
9059.250, -516.750, 5.52978515625E-09
9059.000, -517.000, 5.5267333984375E-09
9058.750, -517.250, 5.5206298828125E-09
9058.500, -517.500, 5.52978515625E-09
9058.250, -517.750, 5.5267333984375E-09
9058.000, -518.000, 5.5206298828125E-09
9057.750, -518.250, 5.523681640625E-09
9057.500, -518.500, 5.5267333984375E-09
9057.250, -518.750, 5.523681640625E-09
9057.000, -519.000, 5.5206298828125E-09
9056.750, -519.250, 5.523681640625E-09
9056.500, -519.500, 5.5267333984375E-09
9056.250, -519.750, 5.5267333984375E-09
9056.000, -520.000, 5.5267333984375E-09
9055.750, -520.250, 5.52978515625E-09
9055.500, -520.500, 5.5328369140625E-09
9055.250, -520.750, 5.5328369140625E-09
9055.000, -521.000, 5.52978515625E-09
9054.750, -521.250, 5.5267333984375E-09
9054.500, -521.500, 5.52978515625E-09
9054.250, -521.750, 5.5328369140625E-09
9054.000, -522.000, 5.5328369140625E-09
9053.750, -522.250, 5.52978515625E-09
9053.500, -522.500, 5.5267333984375E-09
9053.250, -522.750, 5.5267333984375E-09
9053.000, -523.000, 5.5267333984375E-09
9052.750, -523.250, 5.523681640625E-09
9052.500, -523.500, 5.523681640625E-09
9052.250, -523.750, 5.5267333984375E-09
9052.000, -524.000, 5.5267333984375E-09
9051.750, -524.250, 5.523681640625E-09
9051.500, -524.500, 5.5267333984375E-09
9051.250, -524.750, 5.523681640625E-09
9051.000, -525.000, 5.52978515625E-09
9050.750, -525.250, 5.52978515625E-09
9050.500, -525.500, 5.523681640625E-09
9050.250, -525.750, 5.5206298828125E-09
9050.000, -526.000, 5.5267333984375E-09
9049.750, -526.250, 5.523681640625E-09
9049.500, -526.500, 5.523681640625E-09
9049.250, -526.750, 5.5267333984375E-09
9049.000, -527.000, 5.52978515625E-09
9048.750, -527.250, 5.5267333984375E-09
9048.500, -527.500, 5.523681640625E-09
9048.250, -527.750, 5.5267333984375E-09
9048.000, -528.000, 5.52978515625E-09
9047.750, -528.250, 5.5267333984375E-09
9047.500, -528.500, 5.523681640625E-09
9047.250, -528.750, 5.5267333984375E-09
9047.000, -529.000, 5.5267333984375E-09
9046.750, -529.250, 5.52978515625E-09
9046.500, -529.500, 5.5267333984375E-09
9046.250, -529.750, 5.52978515625E-09
9046.000, -530.000, 5.52978515625E-09
9045.750, -530.250, 5.52978515625E-09
9045.500, -530.500, 5.52978515625E-09
9045.250, -530.750, 5.5328369140625E-09
9045.000, -531.000, 5.5328369140625E-09
9044.750, -531.250, 5.52978515625E-09
9044.500, -531.500, 5.52978515625E-09
9044.250, -531.750, 5.52978515625E-09
9044.000, -532.000, 5.5267333984375E-09
9043.750, -532.250, 5.5328369140625E-09
9043.500, -532.500, 5.52978515625E-09
9043.250, -532.750, 5.5267333984375E-09
9043.000, -533.000, 5.52978515625E-09
9042.750, -533.250, 5.5328369140625E-09
9042.500, -533.500, 5.5267333984375E-09
9042.250, -533.750, 5.52978515625E-09
9042.000, -534.000, 5.52978515625E-09
9041.750, -534.250, 5.5267333984375E-09
9041.500, -534.500, 5.523681640625E-09
9041.250, -534.750, 5.523681640625E-09
9041.000, -535.000, 5.5267333984375E-09
9040.750, -535.250, 5.523681640625E-09
9040.500, -535.500, 5.5206298828125E-09
9040.250, -535.750, 5.523681640625E-09
9040.000, -536.000, 5.523681640625E-09
9039.750, -536.250, 5.523681640625E-09
9039.500, -536.500, 5.5206298828125E-09
9039.250, -536.750, 5.523681640625E-09
9039.000, -537.000, 5.52978515625E-09
9038.750, -537.250, 5.523681640625E-09
9038.500, -537.500, 5.5267333984375E-09
9038.250, -537.750, 5.52978515625E-09
9038.000, -538.000, 5.5267333984375E-09
9037.750, -538.250, 5.5267333984375E-09
9037.500, -538.500, 5.5267333984375E-09
9037.250, -538.750, 5.5267333984375E-09
9037.000, -539.000, 5.523681640625E-09
9036.750, -539.250, 5.523681640625E-09
9036.500, -539.500, 5.523681640625E-09
9036.250, -539.750, 5.5267333984375E-09
9036.000, -540.000, 5.523681640625E-09
9035.750, -540.250, 5.523681640625E-09
9035.500, -540.500, 5.523681640625E-09
9035.250, -540.750, 5.5267333984375E-09
9035.000, -541.000, 5.523681640625E-09
9034.750, -541.250, 5.523681640625E-09
9034.500, -541.500, 5.523681640625E-09
9034.250, -541.750, 5.523681640625E-09
9034.000, -542.000, 5.523681640625E-09
9033.750, -542.250, 5.523681640625E-09
9033.500, -542.500, 5.5267333984375E-09
9033.250, -542.750, 5.523681640625E-09
9033.000, -543.000, 5.523681640625E-09
9032.750, -543.250, 5.5267333984375E-09
9032.500, -543.500, 5.5206298828125E-09
9032.250, -543.750, 5.523681640625E-09
9032.000, -544.000, 5.523681640625E-09
9031.750, -544.250, 5.5267333984375E-09
9031.500, -544.500, 5.5206298828125E-09
9031.250, -544.750, 5.523681640625E-09
9031.000, -545.000, 5.523681640625E-09
9030.750, -545.250, 5.5206298828125E-09
9030.500, -545.500, 5.5267333984375E-09
9030.250, -545.750, 5.52978515625E-09
9030.000, -546.000, 5.52978515625E-09
9029.750, -546.250, 5.5267333984375E-09
9029.500, -546.500, 5.5267333984375E-09
9029.250, -546.750, 5.52978515625E-09
9029.000, -547.000, 5.5267333984375E-09
9028.750, -547.250, 5.523681640625E-09
9028.500, -547.500, 5.52978515625E-09
9028.250, -547.750, 5.5206298828125E-09
9028.000, -548.000, 5.523681640625E-09
9027.750, -548.250, 5.5267333984375E-09
9027.500, -548.500, 5.5206298828125E-09
9027.250, -548.750, 5.517578125E-09
9027.000, -549.000, 5.517578125E-09
9026.750, -549.250, 5.5206298828125E-09
9026.500, -549.500, 5.517578125E-09
9026.250, -549.750, 5.5206298828125E-09
9026.000, -550.000, 5.5206298828125E-09
9025.750, -550.250, 5.5206298828125E-09
9025.500, -550.500, 5.523681640625E-09
9025.250, -550.750, 5.5267333984375E-09
9025.000, -551.000, 5.523681640625E-09
9024.750, -551.250, 5.5267333984375E-09
9024.500, -551.500, 5.52978515625E-09
9024.250, -551.750, 5.5267333984375E-09
9024.000, -552.000, 5.52978515625E-09
9023.750, -552.250, 5.52978515625E-09
9023.500, -552.500, 5.5267333984375E-09
9023.250, -552.750, 5.5267333984375E-09
9023.000, -553.000, 5.5267333984375E-09
9022.750, -553.250, 5.52978515625E-09
9022.500, -553.500, 5.523681640625E-09
9022.250, -553.750, 5.52978515625E-09
9022.000, -554.000, 5.52978515625E-09
9021.750, -554.250, 5.523681640625E-09
9021.500, -554.500, 5.523681640625E-09
9021.250, -554.750, 5.523681640625E-09
9021.000, -555.000, 5.523681640625E-09
9020.750, -555.250, 5.5206298828125E-09
9020.500, -555.500, 5.517578125E-09
9020.250, -555.750, 5.517578125E-09
9020.000, -556.000, 5.523681640625E-09
9019.750, -556.250, 5.517578125E-09
9019.500, -556.500, 5.517578125E-09
9019.250, -556.750, 5.5206298828125E-09
9019.000, -557.000, 5.5206298828125E-09
9018.750, -557.250, 5.5206298828125E-09
9018.500, -557.500, 5.523681640625E-09
9018.250, -557.750, 5.523681640625E-09
9018.000, -558.000, 5.523681640625E-09
9017.750, -558.250, 5.523681640625E-09
9017.500, -558.500, 5.523681640625E-09
9017.250, -558.750, 5.5267333984375E-09
9017.000, -559.000, 5.5267333984375E-09
9016.750, -559.250, 5.5267333984375E-09
9016.500, -559.500, 5.52978515625E-09
9016.250, -559.750, 5.5267333984375E-09
9016.000, -560.000, 5.523681640625E-09
9015.750, -560.250, 5.5267333984375E-09
9015.500, -560.500, 5.5267333984375E-09
9015.250, -560.750, 5.523681640625E-09
9015.000, -561.000, 5.5267333984375E-09
9014.750, -561.250, 5.52978515625E-09
9014.500, -561.500, 5.5267333984375E-09
9014.250, -561.750, 5.5267333984375E-09
9014.000, -562.000, 5.5267333984375E-09
9013.750, -562.250, 5.5267333984375E-09
9013.500, -562.500, 5.523681640625E-09
9013.250, -562.750, 5.523681640625E-09
9013.000, -563.000, 5.5267333984375E-09
9012.750, -563.250, 5.5267333984375E-09
9012.500, -563.500, 5.523681640625E-09
9012.250, -563.750, 5.523681640625E-09
9012.000, -564.000, 5.523681640625E-09
9011.750, -564.250, 5.5206298828125E-09
9011.500, -564.500, 5.517578125E-09
9011.250, -564.750, 5.5206298828125E-09
9011.000, -565.000, 5.517578125E-09
9010.750, -565.250, 5.517578125E-09
9010.500, -565.500, 5.523681640625E-09
9010.250, -565.750, 5.5206298828125E-09
9010.000, -566.000, 5.5206298828125E-09
9009.750, -566.250, 5.5267333984375E-09
9009.500, -566.500, 5.523681640625E-09
9009.250, -566.750, 5.523681640625E-09
9009.000, -567.000, 5.5267333984375E-09
9008.750, -567.250, 5.52978515625E-09
9008.500, -567.500, 5.5267333984375E-09
9008.250, -567.750, 5.5267333984375E-09
9008.000, -568.000, 5.52978515625E-09
9007.750, -568.250, 5.52978515625E-09
9007.500, -568.500, 5.5267333984375E-09
9007.250, -568.750, 5.5267333984375E-09
9007.000, -569.000, 5.5267333984375E-09
9006.750, -569.250, 5.523681640625E-09
9006.500, -569.500, 5.517578125E-09
9006.250, -569.750, 5.5206298828125E-09
9006.000, -570.000, 5.523681640625E-09
9005.750, -570.250, 5.517578125E-09
9005.500, -570.500, 5.5145263671875E-09
9005.250, -570.750, 5.517578125E-09
9005.000, -571.000, 5.517578125E-09
9004.750, -571.250, 5.5145263671875E-09
9004.500, -571.500, 5.5145263671875E-09
9004.250, -571.750, 5.5145263671875E-09
9004.000, -572.000, 5.511474609375E-09
9003.750, -572.250, 5.511474609375E-09
9003.500, -572.500, 5.5084228515625E-09
9003.250, -572.750, 5.5084228515625E-09
9003.000, -573.000, 5.5145263671875E-09
9002.750, -573.250, 5.5145263671875E-09
9002.500, -573.500, 5.5145263671875E-09
9002.250, -573.750, 5.5206298828125E-09
9002.000, -574.000, 5.5206298828125E-09
9001.750, -574.250, 5.517578125E-09
9001.500, -574.500, 5.517578125E-09
9001.250, -574.750, 5.523681640625E-09
9001.000, -575.000, 5.5206298828125E-09
9000.750, -575.250, 5.517578125E-09
9000.500, -575.500, 5.517578125E-09
9000.250, -575.750, 5.523681640625E-09
9000.000, -576.000, 5.523681640625E-09
8999.750, -576.250, 5.523681640625E-09
8999.500, -576.500, 5.5206298828125E-09
8999.250, -576.750, 5.523681640625E-09
8999.000, -577.000, 5.523681640625E-09
8998.750, -577.250, 5.5206298828125E-09
8998.500, -577.500, 5.5206298828125E-09
8998.250, -577.750, 5.523681640625E-09
8998.000, -578.000, 5.5206298828125E-09
8997.750, -578.250, 5.517578125E-09
8997.500, -578.500, 5.517578125E-09
8997.250, -578.750, 5.5206298828125E-09
8997.000, -579.000, 5.517578125E-09
8996.750, -579.250, 5.517578125E-09
8996.500, -579.500, 5.5206298828125E-09
8996.250, -579.750, 5.5206298828125E-09
8996.000, -580.000, 5.5145263671875E-09
8995.750, -580.250, 5.517578125E-09
8995.500, -580.500, 5.5206298828125E-09
8995.250, -580.750, 5.517578125E-09
8995.000, -581.000, 5.517578125E-09
8994.750, -581.250, 5.5145263671875E-09
8994.500, -581.500, 5.517578125E-09
8994.250, -581.750, 5.5206298828125E-09
8994.000, -582.000, 5.5206298828125E-09
8993.750, -582.250, 5.5206298828125E-09
8993.500, -582.500, 5.517578125E-09
8993.250, -582.750, 5.5206298828125E-09
8993.000, -583.000, 5.523681640625E-09
8992.750, -583.250, 5.5206298828125E-09
8992.500, -583.500, 5.517578125E-09
8992.250, -583.750, 5.517578125E-09
8992.000, -584.000, 5.523681640625E-09
8991.750, -584.250, 5.5206298828125E-09
8991.500, -584.500, 5.5145263671875E-09
8991.250, -584.750, 5.5145263671875E-09
8991.000, -585.000, 5.517578125E-09
8990.750, -585.250, 5.5145263671875E-09
8990.500, -585.500, 5.5145263671875E-09
8990.250, -585.750, 5.517578125E-09
8990.000, -586.000, 5.5145263671875E-09
8989.750, -586.250, 5.517578125E-09
8989.500, -586.500, 5.517578125E-09
8989.250, -586.750, 5.5145263671875E-09
8989.000, -587.000, 5.517578125E-09
8988.750, -587.250, 5.5206298828125E-09
8988.500, -587.500, 5.517578125E-09
8988.250, -587.750, 5.511474609375E-09
8988.000, -588.000, 5.517578125E-09
8987.750, -588.250, 5.5145263671875E-09
8987.500, -588.500, 5.5145263671875E-09
8987.250, -588.750, 5.5145263671875E-09
8987.000, -589.000, 5.5145263671875E-09
8986.750, -589.250, 5.511474609375E-09
8986.500, -589.500, 5.511474609375E-09
8986.250, -589.750, 5.5145263671875E-09
8986.000, -590.000, 5.517578125E-09
8985.750, -590.250, 5.5145263671875E-09
8985.500, -590.500, 5.511474609375E-09
8985.250, -590.750, 5.5145263671875E-09
8985.000, -591.000, 5.5206298828125E-09
8984.750, -591.250, 5.517578125E-09
8984.500, -591.500, 5.511474609375E-09
8984.250, -591.750, 5.517578125E-09
8984.000, -592.000, 5.517578125E-09
8983.750, -592.250, 5.5145263671875E-09
8983.500, -592.500, 5.517578125E-09
8983.250, -592.750, 5.517578125E-09
8983.000, -593.000, 5.5084228515625E-09
8982.750, -593.250, 5.511474609375E-09
8982.500, -593.500, 5.5084228515625E-09
8982.250, -593.750, 5.5084228515625E-09
8982.000, -594.000, 5.511474609375E-09
8981.750, -594.250, 5.5084228515625E-09
8981.500, -594.500, 5.50537109375E-09
8981.250, -594.750, 5.50537109375E-09
8981.000, -595.000, 5.5084228515625E-09
8980.750, -595.250, 5.5084228515625E-09
8980.500, -595.500, 5.5023193359375E-09
8980.250, -595.750, 5.5084228515625E-09
8980.000, -596.000, 5.5023193359375E-09
8979.750, -596.250, 5.50537109375E-09
8979.500, -596.500, 5.5084228515625E-09
8979.250, -596.750, 5.50537109375E-09
8979.000, -597.000, 5.5023193359375E-09
8978.750, -597.250, 5.5023193359375E-09
8978.500, -597.500, 5.5023193359375E-09
8978.250, -597.750, 5.50537109375E-09
8978.000, -598.000, 5.5023193359375E-09
8977.750, -598.250, 5.5023193359375E-09
8977.500, -598.500, 5.50537109375E-09
8977.250, -598.750, 5.5084228515625E-09
8977.000, -599.000, 5.50537109375E-09
8976.750, -599.250, 5.5023193359375E-09
8976.500, -599.500, 5.5084228515625E-09
8976.250, -599.750, 5.5084228515625E-09
8976.000, -600.000, 5.50537109375E-09
8975.750, -600.250, 5.50537109375E-09
8975.500, -600.500, 5.5023193359375E-09
8975.250, -600.750, 5.5023193359375E-09
8975.000, -601.000, 5.5023193359375E-09
8974.750, -601.250, 5.50537109375E-09
8974.500, -601.500, 5.50537109375E-09
8974.250, -601.750, 5.499267578125E-09
8974.000, -602.000, 5.4962158203125E-09
8973.750, -602.250, 5.4931640625E-09
8973.500, -602.500, 5.4931640625E-09
8973.250, -602.750, 5.4901123046875E-09
8973.000, -603.000, 5.4901123046875E-09
8972.750, -603.250, 5.4901123046875E-09
8972.500, -603.500, 5.487060546875E-09
8972.250, -603.750, 5.487060546875E-09
8972.000, -604.000, 5.4840087890625E-09
8971.750, -604.250, 5.4840087890625E-09
8971.500, -604.500, 5.48095703125E-09
8971.250, -604.750, 5.48095703125E-09
8971.000, -605.000, 5.48095703125E-09
8970.750, -605.250, 5.4779052734375E-09
8970.500, -605.500, 5.48095703125E-09
8970.250, -605.750, 5.48095703125E-09
8970.000, -606.000, 5.4779052734375E-09
8969.750, -606.250, 5.48095703125E-09
8969.500, -606.500, 5.4779052734375E-09
8969.250, -606.750, 5.4779052734375E-09
8969.000, -607.000, 5.48095703125E-09
8968.750, -607.250, 5.4779052734375E-09
8968.500, -607.500, 5.474853515625E-09
8968.250, -607.750, 5.48095703125E-09
8968.000, -608.000, 5.474853515625E-09
8967.750, -608.250, 5.4779052734375E-09
8967.500, -608.500, 5.48095703125E-09
8967.250, -608.750, 5.4779052734375E-09
8967.000, -609.000, 5.4779052734375E-09
8966.750, -609.250, 5.48095703125E-09
8966.500, -609.500, 5.4779052734375E-09
8966.250, -609.750, 5.474853515625E-09
8966.000, -610.000, 5.4779052734375E-09
8965.750, -610.250, 5.4779052734375E-09
8965.500, -610.500, 5.474853515625E-09
8965.250, -610.750, 5.474853515625E-09
8965.000, -611.000, 5.4779052734375E-09
8964.750, -611.250, 5.4779052734375E-09
8964.500, -611.500, 5.474853515625E-09
8964.250, -611.750, 5.4779052734375E-09
8964.000, -612.000, 5.4779052734375E-09
8963.750, -612.250, 5.474853515625E-09
8963.500, -612.500, 5.4779052734375E-09
8963.250, -612.750, 5.4779052734375E-09
8963.000, -613.000, 5.4779052734375E-09
8962.750, -613.250, 5.474853515625E-09
8962.500, -613.500, 5.474853515625E-09
8962.250, -613.750, 5.4779052734375E-09
8962.000, -614.000, 5.4718017578125E-09
8961.750, -614.250, 5.474853515625E-09
8961.500, -614.500, 5.4718017578125E-09
8961.250, -614.750, 5.474853515625E-09
8961.000, -615.000, 5.4779052734375E-09
8960.750, -615.250, 5.4718017578125E-09
8960.500, -615.500, 5.474853515625E-09
8960.250, -615.750, 5.4779052734375E-09
8960.000, -616.000, 5.4779052734375E-09
8959.750, -616.250, 5.474853515625E-09
8959.500, -616.500, 5.4779052734375E-09
8959.250, -616.750, 5.4779052734375E-09
8959.000, -617.000, 5.474853515625E-09
8958.750, -617.250, 5.474853515625E-09
8958.500, -617.500, 5.48095703125E-09
8958.250, -617.750, 5.48095703125E-09
8958.000, -618.000, 5.4779052734375E-09
8957.750, -618.250, 5.4779052734375E-09
8957.500, -618.500, 5.48095703125E-09
8957.250, -618.750, 5.474853515625E-09
8957.000, -619.000, 5.4779052734375E-09
8956.750, -619.250, 5.48095703125E-09
8956.500, -619.500, 5.48095703125E-09
8956.250, -619.750, 5.474853515625E-09
8956.000, -620.000, 5.474853515625E-09
8955.750, -620.250, 5.474853515625E-09
8955.500, -620.500, 5.4718017578125E-09
8955.250, -620.750, 5.4779052734375E-09
8955.000, -621.000, 5.474853515625E-09
8954.750, -621.250, 5.4718017578125E-09
8954.500, -621.500, 5.474853515625E-09
8954.250, -621.750, 5.4718017578125E-09
8954.000, -622.000, 5.4718017578125E-09
8953.750, -622.250, 5.4718017578125E-09
8953.500, -622.500, 5.474853515625E-09
8953.250, -622.750, 5.474853515625E-09
8953.000, -623.000, 5.4718017578125E-09
8952.750, -623.250, 5.474853515625E-09
8952.500, -623.500, 5.4718017578125E-09
8952.250, -623.750, 5.4718017578125E-09
8952.000, -624.000, 5.474853515625E-09
8951.750, -624.250, 5.4779052734375E-09
8951.500, -624.500, 5.4718017578125E-09
8951.250, -624.750, 5.474853515625E-09
8951.000, -625.000, 5.4779052734375E-09
8950.750, -625.250, 5.4779052734375E-09
8950.500, -625.500, 5.474853515625E-09
8950.250, -625.750, 5.474853515625E-09
8950.000, -626.000, 5.4779052734375E-09
8949.750, -626.250, 5.4779052734375E-09
8949.500, -626.500, 5.4779052734375E-09
8949.250, -626.750, 5.474853515625E-09
8949.000, -627.000, 5.474853515625E-09
8948.750, -627.250, 5.4779052734375E-09
8948.500, -627.500, 5.4779052734375E-09
8948.250, -627.750, 5.4779052734375E-09
8948.000, -628.000, 5.48095703125E-09
8947.750, -628.250, 5.4779052734375E-09
8947.500, -628.500, 5.4779052734375E-09
8947.250, -628.750, 5.4840087890625E-09
8947.000, -629.000, 5.48095703125E-09
8946.750, -629.250, 5.48095703125E-09
8946.500, -629.500, 5.48095703125E-09
8946.250, -629.750, 5.4840087890625E-09
8946.000, -630.000, 5.48095703125E-09
8945.750, -630.250, 5.4779052734375E-09
8945.500, -630.500, 5.4779052734375E-09
8945.250, -630.750, 5.48095703125E-09
8945.000, -631.000, 5.4779052734375E-09
8944.750, -631.250, 5.474853515625E-09
8944.500, -631.500, 5.4779052734375E-09
8944.250, -631.750, 5.48095703125E-09
8944.000, -632.000, 5.4779052734375E-09
8943.750, -632.250, 5.4779052734375E-09
8943.500, -632.500, 5.48095703125E-09
8943.250, -632.750, 5.474853515625E-09
8943.000, -633.000, 5.474853515625E-09
8942.750, -633.250, 5.4779052734375E-09
8942.500, -633.500, 5.4779052734375E-09
8942.250, -633.750, 5.4718017578125E-09
8942.000, -634.000, 5.4779052734375E-09
8941.750, -634.250, 5.4779052734375E-09
8941.500, -634.500, 5.474853515625E-09
8941.250, -634.750, 5.474853515625E-09
8941.000, -635.000, 5.474853515625E-09
8940.750, -635.250, 5.4718017578125E-09
8940.500, -635.500, 5.474853515625E-09
8940.250, -635.750, 5.4779052734375E-09
8940.000, -636.000, 5.4718017578125E-09
8939.750, -636.250, 5.4718017578125E-09
8939.500, -636.500, 5.4718017578125E-09
8939.250, -636.750, 5.4718017578125E-09
8939.000, -637.000, 5.4656982421875E-09
8938.750, -637.250, 5.4656982421875E-09
8938.500, -637.500, 5.46875E-09
8938.250, -637.750, 5.46875E-09
8938.000, -638.000, 5.46875E-09
8937.750, -638.250, 5.474853515625E-09
8937.500, -638.500, 5.4779052734375E-09
8937.250, -638.750, 5.474853515625E-09
8937.000, -639.000, 5.4779052734375E-09
8936.750, -639.250, 5.4840087890625E-09
8936.500, -639.500, 5.487060546875E-09
8936.250, -639.750, 5.4840087890625E-09
8936.000, -640.000, 5.487060546875E-09
8935.750, -640.250, 5.4901123046875E-09
8935.500, -640.500, 5.4901123046875E-09
8935.250, -640.750, 5.4901123046875E-09
8935.000, -641.000, 5.487060546875E-09
8934.750, -641.250, 5.4901123046875E-09
8934.500, -641.500, 5.487060546875E-09
8934.250, -641.750, 5.4840087890625E-09
8934.000, -642.000, 5.487060546875E-09
8933.750, -642.250, 5.487060546875E-09
8933.500, -642.500, 5.4931640625E-09
8933.250, -642.750, 5.4962158203125E-09
8933.000, -643.000, 5.4962158203125E-09
8932.750, -643.250, 5.4931640625E-09
8932.500, -643.500, 5.499267578125E-09
8932.250, -643.750, 5.5023193359375E-09
8932.000, -644.000, 5.50537109375E-09
8931.750, -644.250, 5.50537109375E-09
8931.500, -644.500, 5.5084228515625E-09
8931.250, -644.750, 5.5145263671875E-09
8931.000, -645.000, 5.5145263671875E-09
8930.750, -645.250, 5.517578125E-09
8930.500, -645.500, 5.517578125E-09
8930.250, -645.750, 5.5206298828125E-09
8930.000, -646.000, 5.5206298828125E-09
8929.750, -646.250, 5.517578125E-09
8929.500, -646.500, 5.523681640625E-09
8929.250, -646.750, 5.523681640625E-09
8929.000, -647.000, 5.5206298828125E-09
8928.750, -647.250, 5.517578125E-09
8928.500, -647.500, 5.5206298828125E-09
8928.250, -647.750, 5.5206298828125E-09
8928.000, -648.000, 5.5206298828125E-09
8927.750, -648.250, 5.5206298828125E-09
8927.500, -648.500, 5.523681640625E-09
8927.250, -648.750, 5.5206298828125E-09
8927.000, -649.000, 5.5206298828125E-09
8926.750, -649.250, 5.5206298828125E-09
8926.500, -649.500, 5.523681640625E-09
8926.250, -649.750, 5.5206298828125E-09
8926.000, -650.000, 5.517578125E-09
8925.750, -650.250, 5.5206298828125E-09
8925.500, -650.500, 5.5206298828125E-09
8925.250, -650.750, 5.5206298828125E-09
8925.000, -651.000, 5.5206298828125E-09
8924.750, -651.250, 5.523681640625E-09
8924.500, -651.500, 5.523681640625E-09
8924.250, -651.750, 5.523681640625E-09
8924.000, -652.000, 5.5267333984375E-09
8923.750, -652.250, 5.52978515625E-09
8923.500, -652.500, 5.5267333984375E-09
8923.250, -652.750, 5.52978515625E-09
8923.000, -653.000, 5.535888671875E-09
8922.750, -653.250, 5.535888671875E-09
8922.500, -653.500, 5.5328369140625E-09
8922.250, -653.750, 5.5328369140625E-09
8922.000, -654.000, 5.5389404296875E-09
8921.750, -654.250, 5.5389404296875E-09
8921.500, -654.500, 5.5328369140625E-09
8921.250, -654.750, 5.535888671875E-09
8921.000, -655.000, 5.5328369140625E-09
8920.750, -655.250, 5.535888671875E-09
8920.500, -655.500, 5.52978515625E-09
8920.250, -655.750, 5.5267333984375E-09
8920.000, -656.000, 5.52978515625E-09
8919.750, -656.250, 5.523681640625E-09
8919.500, -656.500, 5.5206298828125E-09
8919.250, -656.750, 5.523681640625E-09
8919.000, -657.000, 5.523681640625E-09
8918.750, -657.250, 5.517578125E-09
8918.500, -657.500, 5.5206298828125E-09
8918.250, -657.750, 5.523681640625E-09
8918.000, -658.000, 5.517578125E-09
8917.750, -658.250, 5.523681640625E-09
8917.500, -658.500, 5.5206298828125E-09
8917.250, -658.750, 5.5206298828125E-09
8917.000, -659.000, 5.5206298828125E-09
8916.750, -659.250, 5.5206298828125E-09
8916.500, -659.500, 5.5206298828125E-09
8916.250, -659.750, 5.517578125E-09
8916.000, -660.000, 5.5206298828125E-09
8915.750, -660.250, 5.517578125E-09
8915.500, -660.500, 5.5145263671875E-09
8915.250, -660.750, 5.511474609375E-09
8915.000, -661.000, 5.5145263671875E-09
8914.750, -661.250, 5.5145263671875E-09
8914.500, -661.500, 5.511474609375E-09
8914.250, -661.750, 5.5084228515625E-09
8914.000, -662.000, 5.5145263671875E-09
8913.750, -662.250, 5.5084228515625E-09
8913.500, -662.500, 5.5084228515625E-09
8913.250, -662.750, 5.511474609375E-09
8913.000, -663.000, 5.5084228515625E-09
8912.750, -663.250, 5.511474609375E-09
8912.500, -663.500, 5.5084228515625E-09
8912.250, -663.750, 5.50537109375E-09
8912.000, -664.000, 5.5084228515625E-09
8911.750, -664.250, 5.511474609375E-09
8911.500, -664.500, 5.50537109375E-09
8911.250, -664.750, 5.50537109375E-09
8911.000, -665.000, 5.5084228515625E-09
8910.750, -665.250, 5.5084228515625E-09
8910.500, -665.500, 5.5084228515625E-09
8910.250, -665.750, 5.50537109375E-09
8910.000, -666.000, 5.5084228515625E-09
8909.750, -666.250, 5.50537109375E-09
8909.500, -666.500, 5.5084228515625E-09
8909.250, -666.750, 5.5084228515625E-09
8909.000, -667.000, 5.511474609375E-09
8908.750, -667.250, 5.5084228515625E-09
8908.500, -667.500, 5.511474609375E-09
8908.250, -667.750, 5.5145263671875E-09
8908.000, -668.000, 5.5145263671875E-09
8907.750, -668.250, 5.511474609375E-09
8907.500, -668.500, 5.5145263671875E-09
8907.250, -668.750, 5.5145263671875E-09
8907.000, -669.000, 5.517578125E-09
8906.750, -669.250, 5.511474609375E-09
8906.500, -669.500, 5.5206298828125E-09
8906.250, -669.750, 5.517578125E-09
8906.000, -670.000, 5.5145263671875E-09
8905.750, -670.250, 5.5145263671875E-09
8905.500, -670.500, 5.5206298828125E-09
8905.250, -670.750, 5.517578125E-09
8905.000, -671.000, 5.5145263671875E-09
8904.750, -671.250, 5.5145263671875E-09
8904.500, -671.500, 5.5145263671875E-09
8904.250, -671.750, 5.511474609375E-09
8904.000, -672.000, 5.499267578125E-09
8903.750, -672.250, 5.5084228515625E-09
8903.500, -672.500, 5.511474609375E-09
8903.250, -672.750, 5.50537109375E-09
8903.000, -673.000, 5.50537109375E-09
8902.750, -673.250, 5.5084228515625E-09
8902.500, -673.500, 5.511474609375E-09
8902.250, -673.750, 5.5145263671875E-09
8902.000, -674.000, 5.5145263671875E-09
8901.750, -674.250, 5.5145263671875E-09
8901.500, -674.500, 5.511474609375E-09
8901.250, -674.750, 5.511474609375E-09
8901.000, -675.000, 5.511474609375E-09
8900.750, -675.250, 5.511474609375E-09
8900.500, -675.500, 5.5084228515625E-09
8900.250, -675.750, 5.5084228515625E-09
8900.000, -676.000, 5.5084228515625E-09
8899.750, -676.250, 5.50537109375E-09
8899.500, -676.500, 5.5084228515625E-09
8899.250, -676.750, 5.5084228515625E-09
8899.000, -677.000, 5.5084228515625E-09
8898.750, -677.250, 5.50537109375E-09
8898.500, -677.500, 5.5084228515625E-09
8898.250, -677.750, 5.5084228515625E-09
8898.000, -678.000, 5.50537109375E-09
8897.750, -678.250, 5.5084228515625E-09
8897.500, -678.500, 5.511474609375E-09
8897.250, -678.750, 5.511474609375E-09
8897.000, -679.000, 5.5084228515625E-09
8896.750, -679.250, 5.5084228515625E-09
8896.500, -679.500, 5.511474609375E-09
8896.250, -679.750, 5.511474609375E-09
8896.000, -680.000, 5.5084228515625E-09
8895.750, -680.250, 5.5084228515625E-09
8895.500, -680.500, 5.511474609375E-09
8895.250, -680.750, 5.5084228515625E-09
8895.000, -681.000, 5.50537109375E-09
8894.750, -681.250, 5.5084228515625E-09
8894.500, -681.500, 5.511474609375E-09
8894.250, -681.750, 5.5084228515625E-09
8894.000, -682.000, 5.511474609375E-09
8893.750, -682.250, 5.5145263671875E-09
8893.500, -682.500, 5.5084228515625E-09
8893.250, -682.750, 5.5145263671875E-09
8893.000, -683.000, 5.511474609375E-09
8892.750, -683.250, 5.511474609375E-09
8892.500, -683.500, 5.511474609375E-09
8892.250, -683.750, 5.50537109375E-09
8892.000, -684.000, 5.5084228515625E-09
8891.750, -684.250, 5.5084228515625E-09
8891.500, -684.500, 5.50537109375E-09
8891.250, -684.750, 5.50537109375E-09
8891.000, -685.000, 5.5084228515625E-09
8890.750, -685.250, 5.50537109375E-09
8890.500, -685.500, 5.50537109375E-09
8890.250, -685.750, 5.5084228515625E-09
8890.000, -686.000, 5.5084228515625E-09
8889.750, -686.250, 5.5084228515625E-09
8889.500, -686.500, 5.50537109375E-09
8889.250, -686.750, 5.50537109375E-09
8889.000, -687.000, 5.5084228515625E-09
8888.750, -687.250, 5.50537109375E-09
8888.500, -687.500, 5.50537109375E-09
8888.250, -687.750, 5.5084228515625E-09
8888.000, -688.000, 5.511474609375E-09
8887.750, -688.250, 5.50537109375E-09
8887.500, -688.500, 5.50537109375E-09
8887.250, -688.750, 5.5084228515625E-09
8887.000, -689.000, 5.50537109375E-09
8886.750, -689.250, 5.5084228515625E-09
8886.500, -689.500, 5.511474609375E-09
8886.250, -689.750, 5.50537109375E-09
8886.000, -690.000, 5.5084228515625E-09
8885.750, -690.250, 5.50537109375E-09
8885.500, -690.500, 5.50537109375E-09
8885.250, -690.750, 5.5084228515625E-09
8885.000, -691.000, 5.50537109375E-09
8884.750, -691.250, 5.50537109375E-09
8884.500, -691.500, 5.5084228515625E-09
8884.250, -691.750, 5.5084228515625E-09
8884.000, -692.000, 5.50537109375E-09
8883.750, -692.250, 5.50537109375E-09
8883.500, -692.500, 5.5084228515625E-09
8883.250, -692.750, 5.511474609375E-09
8883.000, -693.000, 5.5084228515625E-09
8882.750, -693.250, 5.50537109375E-09
8882.500, -693.500, 5.5084228515625E-09
8882.250, -693.750, 5.5084228515625E-09
8882.000, -694.000, 5.5084228515625E-09
8881.750, -694.250, 5.50537109375E-09
8881.500, -694.500, 5.511474609375E-09
8881.250, -694.750, 5.511474609375E-09
8881.000, -695.000, 5.5084228515625E-09
8880.750, -695.250, 5.511474609375E-09
8880.500, -695.500, 5.511474609375E-09
8880.250, -695.750, 5.5084228515625E-09
8880.000, -696.000, 5.511474609375E-09
8879.750, -696.250, 5.511474609375E-09
8879.500, -696.500, 5.5084228515625E-09
8879.250, -696.750, 5.511474609375E-09
8879.000, -697.000, 5.511474609375E-09
8878.750, -697.250, 5.511474609375E-09
8878.500, -697.500, 5.5145263671875E-09
8878.250, -697.750, 5.5084228515625E-09
8878.000, -698.000, 5.511474609375E-09
8877.750, -698.250, 5.511474609375E-09
8877.500, -698.500, 5.5084228515625E-09
8877.250, -698.750, 5.511474609375E-09
8877.000, -699.000, 5.5084228515625E-09
8876.750, -699.250, 5.50537109375E-09
8876.500, -699.500, 5.5023193359375E-09
8876.250, -699.750, 5.50537109375E-09
8876.000, -700.000, 5.50537109375E-09
8875.750, -700.250, 5.5023193359375E-09
8875.500, -700.500, 5.50537109375E-09
8875.250, -700.750, 5.5023193359375E-09
8875.000, -701.000, 5.50537109375E-09
8874.750, -701.250, 5.5084228515625E-09
8874.500, -701.500, 5.50537109375E-09
8874.250, -701.750, 5.5084228515625E-09
8874.000, -702.000, 5.511474609375E-09
8873.750, -702.250, 5.511474609375E-09
8873.500, -702.500, 5.5084228515625E-09
8873.250, -702.750, 5.5084228515625E-09
8873.000, -703.000, 5.511474609375E-09
8872.750, -703.250, 5.50537109375E-09
8872.500, -703.500, 5.5084228515625E-09
8872.250, -703.750, 5.511474609375E-09
8872.000, -704.000, 5.50537109375E-09
8871.750, -704.250, 5.511474609375E-09
8871.500, -704.500, 5.50537109375E-09
8871.250, -704.750, 5.5084228515625E-09
8871.000, -705.000, 5.50537109375E-09
8870.750, -705.250, 5.5084228515625E-09
8870.500, -705.500, 5.511474609375E-09
8870.250, -705.750, 5.5084228515625E-09
8870.000, -706.000, 5.50537109375E-09
8869.750, -706.250, 5.5084228515625E-09
8869.500, -706.500, 5.50537109375E-09
8869.250, -706.750, 5.5023193359375E-09
8869.000, -707.000, 5.50537109375E-09
8868.750, -707.250, 5.50537109375E-09
8868.500, -707.500, 5.5023193359375E-09
8868.250, -707.750, 5.5023193359375E-09
8868.000, -708.000, 5.5023193359375E-09
8867.750, -708.250, 5.5023193359375E-09
8867.500, -708.500, 5.499267578125E-09
8867.250, -708.750, 5.4962158203125E-09
8867.000, -709.000, 5.499267578125E-09
8866.750, -709.250, 5.499267578125E-09
8866.500, -709.500, 5.499267578125E-09
8866.250, -709.750, 5.499267578125E-09
8866.000, -710.000, 5.499267578125E-09
8865.750, -710.250, 5.499267578125E-09
8865.500, -710.500, 5.499267578125E-09
8865.250, -710.750, 5.499267578125E-09
8865.000, -711.000, 5.4962158203125E-09
8864.750, -711.250, 5.4962158203125E-09
8864.500, -711.500, 5.499267578125E-09
8864.250, -711.750, 5.5023193359375E-09
8864.000, -712.000, 5.499267578125E-09
8863.750, -712.250, 5.50537109375E-09
8863.500, -712.500, 5.50537109375E-09
8863.250, -712.750, 5.5023193359375E-09
8863.000, -713.000, 5.5023193359375E-09
8862.750, -713.250, 5.5084228515625E-09
8862.500, -713.500, 5.50537109375E-09
8862.250, -713.750, 5.499267578125E-09
8862.000, -714.000, 5.5023193359375E-09
8861.750, -714.250, 5.50537109375E-09
8861.500, -714.500, 5.5023193359375E-09
8861.250, -714.750, 5.499267578125E-09
8861.000, -715.000, 5.5023193359375E-09
8860.750, -715.250, 5.5023193359375E-09
8860.500, -715.500, 5.499267578125E-09
8860.250, -715.750, 5.4962158203125E-09
8860.000, -716.000, 5.5023193359375E-09
8859.750, -716.250, 5.499267578125E-09
8859.500, -716.500, 5.4962158203125E-09
8859.250, -716.750, 5.499267578125E-09
8859.000, -717.000, 5.499267578125E-09
8858.750, -717.250, 5.4931640625E-09
8858.500, -717.500, 5.4962158203125E-09
8858.250, -717.750, 5.4931640625E-09
8858.000, -718.000, 5.4962158203125E-09
8857.750, -718.250, 5.4962158203125E-09
8857.500, -718.500, 5.4931640625E-09
8857.250, -718.750, 5.4931640625E-09
8857.000, -719.000, 5.4931640625E-09
8856.750, -719.250, 5.4931640625E-09
8856.500, -719.500, 5.4962158203125E-09
8856.250, -719.750, 5.4901123046875E-09
8856.000, -720.000, 5.4901123046875E-09
8855.750, -720.250, 5.4931640625E-09
8855.500, -720.500, 5.4962158203125E-09
8855.250, -720.750, 5.4901123046875E-09
8855.000, -721.000, 5.499267578125E-09
8854.750, -721.250, 5.4962158203125E-09
8854.500, -721.500, 5.4901123046875E-09
8854.250, -721.750, 5.4931640625E-09
8854.000, -722.000, 5.4962158203125E-09
8853.750, -722.250, 5.4962158203125E-09
8853.500, -722.500, 5.4931640625E-09
8853.250, -722.750, 5.4962158203125E-09
8853.000, -723.000, 5.4962158203125E-09
8852.750, -723.250, 5.4931640625E-09
8852.500, -723.500, 5.4962158203125E-09
8852.250, -723.750, 5.4962158203125E-09
8852.000, -724.000, 5.4962158203125E-09
8851.750, -724.250, 5.4901123046875E-09
8851.500, -724.500, 5.499267578125E-09
8851.250, -724.750, 5.4962158203125E-09
8851.000, -725.000, 5.4931640625E-09
8850.750, -725.250, 5.4931640625E-09
8850.500, -725.500, 5.499267578125E-09
8850.250, -725.750, 5.4962158203125E-09
8850.000, -726.000, 5.4962158203125E-09
8849.750, -726.250, 5.4931640625E-09
8849.500, -726.500, 5.499267578125E-09
8849.250, -726.750, 5.4962158203125E-09
8849.000, -727.000, 5.4962158203125E-09
8848.750, -727.250, 5.499267578125E-09
8848.500, -727.500, 5.4962158203125E-09
8848.250, -727.750, 5.4931640625E-09
8848.000, -728.000, 5.4931640625E-09
8847.750, -728.250, 5.499267578125E-09
8847.500, -728.500, 5.4962158203125E-09
8847.250, -728.750, 5.4931640625E-09
8847.000, -729.000, 5.4962158203125E-09
8846.750, -729.250, 5.499267578125E-09
8846.500, -729.500, 5.4962158203125E-09
8846.250, -729.750, 5.4931640625E-09
8846.000, -730.000, 5.4962158203125E-09
8845.750, -730.250, 5.4962158203125E-09
8845.500, -730.500, 5.4901123046875E-09
8845.250, -730.750, 5.4962158203125E-09
8845.000, -731.000, 5.4962158203125E-09
8844.750, -731.250, 5.4901123046875E-09
8844.500, -731.500, 5.4931640625E-09
8844.250, -731.750, 5.4931640625E-09
8844.000, -732.000, 5.4901123046875E-09
8843.750, -732.250, 5.4901123046875E-09
8843.500, -732.500, 5.4901123046875E-09
8843.250, -732.750, 5.4901123046875E-09
8843.000, -733.000, 5.487060546875E-09
8842.750, -733.250, 5.4901123046875E-09
8842.500, -733.500, 5.4901123046875E-09
8842.250, -733.750, 5.487060546875E-09
8842.000, -734.000, 5.487060546875E-09
8841.750, -734.250, 5.4901123046875E-09
8841.500, -734.500, 5.487060546875E-09
8841.250, -734.750, 5.4840087890625E-09
8841.000, -735.000, 5.487060546875E-09
8840.750, -735.250, 5.4901123046875E-09
8840.500, -735.500, 5.487060546875E-09
8840.250, -735.750, 5.487060546875E-09
8840.000, -736.000, 5.487060546875E-09
8839.750, -736.250, 5.4901123046875E-09
8839.500, -736.500, 5.4840087890625E-09
8839.250, -736.750, 5.487060546875E-09
8839.000, -737.000, 5.487060546875E-09
8838.750, -737.250, 5.4840087890625E-09
8838.500, -737.500, 5.48095703125E-09
8838.250, -737.750, 5.487060546875E-09
8838.000, -738.000, 5.487060546875E-09
8837.750, -738.250, 5.48095703125E-09
8837.500, -738.500, 5.48095703125E-09
8837.250, -738.750, 5.487060546875E-09
8837.000, -739.000, 5.4840087890625E-09
8836.750, -739.250, 5.48095703125E-09
8836.500, -739.500, 5.4840087890625E-09
8836.250, -739.750, 5.4840087890625E-09
8836.000, -740.000, 5.4840087890625E-09
8835.750, -740.250, 5.48095703125E-09
8835.500, -740.500, 5.48095703125E-09
8835.250, -740.750, 5.4779052734375E-09
8835.000, -741.000, 5.48095703125E-09
8834.750, -741.250, 5.4779052734375E-09
8834.500, -741.500, 5.48095703125E-09
8834.250, -741.750, 5.4779052734375E-09
8834.000, -742.000, 5.4779052734375E-09
8833.750, -742.250, 5.48095703125E-09
8833.500, -742.500, 5.474853515625E-09
8833.250, -742.750, 5.474853515625E-09
8833.000, -743.000, 5.4779052734375E-09
8832.750, -743.250, 5.474853515625E-09
8832.500, -743.500, 5.4718017578125E-09
8832.250, -743.750, 5.4779052734375E-09
8832.000, -744.000, 5.46875E-09
8831.750, -744.250, 5.4779052734375E-09
8831.500, -744.500, 5.474853515625E-09
8831.250, -744.750, 5.4718017578125E-09
8831.000, -745.000, 5.4779052734375E-09
8830.750, -745.250, 5.474853515625E-09
8830.500, -745.500, 5.474853515625E-09
8830.250, -745.750, 5.474853515625E-09
8830.000, -746.000, 5.474853515625E-09
8829.750, -746.250, 5.4718017578125E-09
8829.500, -746.500, 5.4718017578125E-09
8829.250, -746.750, 5.474853515625E-09
8829.000, -747.000, 5.4718017578125E-09
8828.750, -747.250, 5.474853515625E-09
8828.500, -747.500, 5.4718017578125E-09
8828.250, -747.750, 5.474853515625E-09
8828.000, -748.000, 5.4718017578125E-09
8827.750, -748.250, 5.4718017578125E-09
8827.500, -748.500, 5.474853515625E-09
8827.250, -748.750, 5.474853515625E-09
8827.000, -749.000, 5.4718017578125E-09
8826.750, -749.250, 5.46875E-09
8826.500, -749.500, 5.4718017578125E-09
8826.250, -749.750, 5.4718017578125E-09
8826.000, -750.000, 5.46875E-09
8825.750, -750.250, 5.46875E-09
8825.500, -750.500, 5.4718017578125E-09
8825.250, -750.750, 5.4718017578125E-09
8825.000, -751.000, 5.46875E-09
8824.750, -751.250, 5.46875E-09
8824.500, -751.500, 5.4718017578125E-09
8824.250, -751.750, 5.46875E-09
8824.000, -752.000, 5.46875E-09
8823.750, -752.250, 5.46875E-09
8823.500, -752.500, 5.4656982421875E-09
8823.250, -752.750, 5.4718017578125E-09
8823.000, -753.000, 5.4656982421875E-09
8822.750, -753.250, 5.46875E-09
8822.500, -753.500, 5.46875E-09
8822.250, -753.750, 5.4656982421875E-09
8822.000, -754.000, 5.46875E-09
8821.750, -754.250, 5.46875E-09
8821.500, -754.500, 5.4656982421875E-09
8821.250, -754.750, 5.46875E-09
8821.000, -755.000, 5.4656982421875E-09
8820.750, -755.250, 5.4656982421875E-09
8820.500, -755.500, 5.4718017578125E-09
8820.250, -755.750, 5.474853515625E-09
8820.000, -756.000, 5.4718017578125E-09
8819.750, -756.250, 5.4718017578125E-09
8819.500, -756.500, 5.474853515625E-09
8819.250, -756.750, 5.474853515625E-09
8819.000, -757.000, 5.474853515625E-09
8818.750, -757.250, 5.4718017578125E-09
8818.500, -757.500, 5.4779052734375E-09
8818.250, -757.750, 5.474853515625E-09
8818.000, -758.000, 5.474853515625E-09
8817.750, -758.250, 5.4779052734375E-09
8817.500, -758.500, 5.474853515625E-09
8817.250, -758.750, 5.4718017578125E-09
8817.000, -759.000, 5.474853515625E-09
8816.750, -759.250, 5.4779052734375E-09
8816.500, -759.500, 5.4718017578125E-09
8816.250, -759.750, 5.474853515625E-09
8816.000, -760.000, 5.4718017578125E-09
8815.750, -760.250, 5.4718017578125E-09
8815.500, -760.500, 5.474853515625E-09
8815.250, -760.750, 5.4718017578125E-09
8815.000, -761.000, 5.46875E-09
8814.750, -761.250, 5.4718017578125E-09
8814.500, -761.500, 5.4718017578125E-09
8814.250, -761.750, 5.46875E-09
8814.000, -762.000, 5.4718017578125E-09
8813.750, -762.250, 5.4718017578125E-09
8813.500, -762.500, 5.46875E-09
8813.250, -762.750, 5.4718017578125E-09
8813.000, -763.000, 5.474853515625E-09
8812.750, -763.250, 5.474853515625E-09
8812.500, -763.500, 5.46875E-09
8812.250, -763.750, 5.4718017578125E-09
8812.000, -764.000, 5.474853515625E-09
8811.750, -764.250, 5.4718017578125E-09
8811.500, -764.500, 5.46875E-09
8811.250, -764.750, 5.4718017578125E-09
8811.000, -765.000, 5.4718017578125E-09
8810.750, -765.250, 5.4718017578125E-09
8810.500, -765.500, 5.4656982421875E-09
8810.250, -765.750, 5.46875E-09
8810.000, -766.000, 5.4656982421875E-09
8809.750, -766.250, 5.462646484375E-09
8809.500, -766.500, 5.46875E-09
8809.250, -766.750, 5.46875E-09
8809.000, -767.000, 5.4656982421875E-09
8808.750, -767.250, 5.4718017578125E-09
8808.500, -767.500, 5.4718017578125E-09
8808.250, -767.750, 5.474853515625E-09
8808.000, -768.000, 5.4779052734375E-09
8807.750, -768.250, 5.4779052734375E-09
8807.500, -768.500, 5.474853515625E-09
8807.250, -768.750, 5.48095703125E-09
8807.000, -769.000, 5.48095703125E-09
8806.750, -769.250, 5.48095703125E-09
8806.500, -769.500, 5.4840087890625E-09
8806.250, -769.750, 5.487060546875E-09
8806.000, -770.000, 5.4840087890625E-09
8805.750, -770.250, 5.48095703125E-09
8805.500, -770.500, 5.4840087890625E-09
8805.250, -770.750, 5.487060546875E-09
8805.000, -771.000, 5.4840087890625E-09
8804.750, -771.250, 5.48095703125E-09
8804.500, -771.500, 5.48095703125E-09
8804.250, -771.750, 5.48095703125E-09
8804.000, -772.000, 5.48095703125E-09
8803.750, -772.250, 5.48095703125E-09
8803.500, -772.500, 5.4779052734375E-09
8803.250, -772.750, 5.48095703125E-09
8803.000, -773.000, 5.4779052734375E-09
8802.750, -773.250, 5.4779052734375E-09
8802.500, -773.500, 5.4779052734375E-09
8802.250, -773.750, 5.4779052734375E-09
8802.000, -774.000, 5.4779052734375E-09
8801.750, -774.250, 5.474853515625E-09
8801.500, -774.500, 5.48095703125E-09
8801.250, -774.750, 5.48095703125E-09
8801.000, -775.000, 5.4840087890625E-09
8800.750, -775.250, 5.4840087890625E-09
8800.500, -775.500, 5.48095703125E-09
8800.250, -775.750, 5.4840087890625E-09
8800.000, -776.000, 5.48095703125E-09
8799.750, -776.250, 5.4779052734375E-09
8799.500, -776.500, 5.4779052734375E-09
8799.250, -776.750, 5.48095703125E-09
8799.000, -777.000, 5.4779052734375E-09
8798.750, -777.250, 5.474853515625E-09
8798.500, -777.500, 5.4779052734375E-09
8798.250, -777.750, 5.474853515625E-09
8798.000, -778.000, 5.474853515625E-09
8797.750, -778.250, 5.4779052734375E-09
8797.500, -778.500, 5.4779052734375E-09
8797.250, -778.750, 5.474853515625E-09
8797.000, -779.000, 5.474853515625E-09
8796.750, -779.250, 5.4779052734375E-09
8796.500, -779.500, 5.474853515625E-09
8796.250, -779.750, 5.4718017578125E-09
8796.000, -780.000, 5.4718017578125E-09
8795.750, -780.250, 5.4718017578125E-09
8795.500, -780.500, 5.4656982421875E-09
8795.250, -780.750, 5.46875E-09
8795.000, -781.000, 5.4656982421875E-09
8794.750, -781.250, 5.4656982421875E-09
8794.500, -781.500, 5.4656982421875E-09
8794.250, -781.750, 5.462646484375E-09
8794.000, -782.000, 5.4656982421875E-09
8793.750, -782.250, 5.4656982421875E-09
8793.500, -782.500, 5.4656982421875E-09
8793.250, -782.750, 5.4656982421875E-09
8793.000, -783.000, 5.4656982421875E-09
8792.750, -783.250, 5.4656982421875E-09
8792.500, -783.500, 5.4656982421875E-09
8792.250, -783.750, 5.462646484375E-09
8792.000, -784.000, 5.462646484375E-09
8791.750, -784.250, 5.46875E-09
8791.500, -784.500, 5.46875E-09
8791.250, -784.750, 5.4656982421875E-09
8791.000, -785.000, 5.4656982421875E-09
8790.750, -785.250, 5.4718017578125E-09
8790.500, -785.500, 5.4656982421875E-09
8790.250, -785.750, 5.462646484375E-09
8790.000, -786.000, 5.46875E-09
8789.750, -786.250, 5.462646484375E-09
8789.500, -786.500, 5.4656982421875E-09
8789.250, -786.750, 5.4595947265625E-09
8789.000, -787.000, 5.462646484375E-09
8788.750, -787.250, 5.462646484375E-09
8788.500, -787.500, 5.4595947265625E-09
8788.250, -787.750, 5.45654296875E-09
8788.000, -788.000, 5.4595947265625E-09
8787.750, -788.250, 5.4595947265625E-09
8787.500, -788.500, 5.45654296875E-09
8787.250, -788.750, 5.45654296875E-09
8787.000, -789.000, 5.45654296875E-09
8786.750, -789.250, 5.4534912109375E-09
8786.500, -789.500, 5.45654296875E-09
8786.250, -789.750, 5.4534912109375E-09
8786.000, -790.000, 5.45654296875E-09
8785.750, -790.250, 5.45654296875E-09
8785.500, -790.500, 5.45654296875E-09
8785.250, -790.750, 5.4534912109375E-09
8785.000, -791.000, 5.4595947265625E-09
8784.750, -791.250, 5.4534912109375E-09
8784.500, -791.500, 5.4595947265625E-09
8784.250, -791.750, 5.462646484375E-09
8784.000, -792.000, 5.4595947265625E-09
8783.750, -792.250, 5.4595947265625E-09
8783.500, -792.500, 5.4595947265625E-09
8783.250, -792.750, 5.45654296875E-09
8783.000, -793.000, 5.4595947265625E-09
8782.750, -793.250, 5.4595947265625E-09
8782.500, -793.500, 5.45654296875E-09
8782.250, -793.750, 5.4595947265625E-09
8782.000, -794.000, 5.462646484375E-09
8781.750, -794.250, 5.462646484375E-09
8781.500, -794.500, 5.4595947265625E-09
8781.250, -794.750, 5.4595947265625E-09
8781.000, -795.000, 5.4656982421875E-09
8780.750, -795.250, 5.4656982421875E-09
8780.500, -795.500, 5.462646484375E-09
8780.250, -795.750, 5.462646484375E-09
8780.000, -796.000, 5.4656982421875E-09
8779.750, -796.250, 5.46875E-09
8779.500, -796.500, 5.4718017578125E-09
8779.250, -796.750, 5.4656982421875E-09
8779.000, -797.000, 5.46875E-09
8778.750, -797.250, 5.4656982421875E-09
8778.500, -797.500, 5.4656982421875E-09
8778.250, -797.750, 5.4656982421875E-09
8778.000, -798.000, 5.46875E-09
8777.750, -798.250, 5.4656982421875E-09
8777.500, -798.500, 5.462646484375E-09
8777.250, -798.750, 5.4656982421875E-09
8777.000, -799.000, 5.46875E-09
8776.750, -799.250, 5.46875E-09
8776.500, -799.500, 5.4656982421875E-09
8776.250, -799.750, 5.46875E-09
8776.000, -800.000, 5.474853515625E-09
8775.750, -800.250, 5.4718017578125E-09
8775.500, -800.500, 5.48095703125E-09
8775.250, -800.750, 5.48095703125E-09
8775.000, -801.000, 5.4779052734375E-09
8774.750, -801.250, 5.48095703125E-09
8774.500, -801.500, 5.4840087890625E-09
8774.250, -801.750, 5.4840087890625E-09
8774.000, -802.000, 5.48095703125E-09
8773.750, -802.250, 5.4901123046875E-09
8773.500, -802.500, 5.4840087890625E-09
8773.250, -802.750, 5.4840087890625E-09
8773.000, -803.000, 5.4840087890625E-09
8772.750, -803.250, 5.487060546875E-09
8772.500, -803.500, 5.4901123046875E-09
8772.250, -803.750, 5.4901123046875E-09
8772.000, -804.000, 5.4901123046875E-09
8771.750, -804.250, 5.487060546875E-09
8771.500, -804.500, 5.487060546875E-09
8771.250, -804.750, 5.487060546875E-09
8771.000, -805.000, 5.4901123046875E-09
8770.750, -805.250, 5.4901123046875E-09
8770.500, -805.500, 5.487060546875E-09
8770.250, -805.750, 5.487060546875E-09
8770.000, -806.000, 5.4901123046875E-09
8769.750, -806.250, 5.4901123046875E-09
8769.500, -806.500, 5.487060546875E-09
8769.250, -806.750, 5.4901123046875E-09
8769.000, -807.000, 5.4901123046875E-09
8768.750, -807.250, 5.487060546875E-09
8768.500, -807.500, 5.4901123046875E-09
8768.250, -807.750, 5.4901123046875E-09
8768.000, -808.000, 5.4901123046875E-09
8767.750, -808.250, 5.487060546875E-09
8767.500, -808.500, 5.48095703125E-09
8767.250, -808.750, 5.48095703125E-09
8767.000, -809.000, 5.48095703125E-09
8766.750, -809.250, 5.474853515625E-09
8766.500, -809.500, 5.474853515625E-09
8766.250, -809.750, 5.46875E-09
8766.000, -810.000, 5.4718017578125E-09
8765.750, -810.250, 5.46875E-09
8765.500, -810.500, 5.462646484375E-09
8765.250, -810.750, 5.462646484375E-09
8765.000, -811.000, 5.45654296875E-09
8764.750, -811.250, 5.45654296875E-09
8764.500, -811.500, 5.45654296875E-09
8764.250, -811.750, 5.45654296875E-09
8764.000, -812.000, 5.450439453125E-09
8763.750, -812.250, 5.4534912109375E-09
8763.500, -812.500, 5.450439453125E-09
8763.250, -812.750, 5.4473876953125E-09
8763.000, -813.000, 5.450439453125E-09
8762.750, -813.250, 5.4473876953125E-09
8762.500, -813.500, 5.4473876953125E-09
8762.250, -813.750, 5.450439453125E-09
8762.000, -814.000, 5.4473876953125E-09
8761.750, -814.250, 5.4443359375E-09
8761.500, -814.500, 5.4443359375E-09
8761.250, -814.750, 5.4443359375E-09
8761.000, -815.000, 5.4412841796875E-09
8760.750, -815.250, 5.4443359375E-09
8760.500, -815.500, 5.4412841796875E-09
8760.250, -815.750, 5.4412841796875E-09
8760.000, -816.000, 5.4443359375E-09
8759.750, -816.250, 5.4412841796875E-09
8759.500, -816.500, 5.4412841796875E-09
8759.250, -816.750, 5.4443359375E-09
8759.000, -817.000, 5.4412841796875E-09
8758.750, -817.250, 5.438232421875E-09
8758.500, -817.500, 5.438232421875E-09
8758.250, -817.750, 5.4351806640625E-09
8758.000, -818.000, 5.4412841796875E-09
8757.750, -818.250, 5.438232421875E-09
8757.500, -818.500, 5.438232421875E-09
8757.250, -818.750, 5.4443359375E-09
8757.000, -819.000, 5.4443359375E-09
8756.750, -819.250, 5.4412841796875E-09
8756.500, -819.500, 5.4443359375E-09
8756.250, -819.750, 5.4473876953125E-09
8756.000, -820.000, 5.4443359375E-09
8755.750, -820.250, 5.4443359375E-09
8755.500, -820.500, 5.4473876953125E-09
8755.250, -820.750, 5.4473876953125E-09
8755.000, -821.000, 5.4443359375E-09
8754.750, -821.250, 5.4473876953125E-09
8754.500, -821.500, 5.450439453125E-09
8754.250, -821.750, 5.4473876953125E-09
8754.000, -822.000, 5.4473876953125E-09
8753.750, -822.250, 5.450439453125E-09
8753.500, -822.500, 5.450439453125E-09
8753.250, -822.750, 5.4473876953125E-09
8753.000, -823.000, 5.4473876953125E-09
8752.750, -823.250, 5.450439453125E-09
8752.500, -823.500, 5.450439453125E-09
8752.250, -823.750, 5.4473876953125E-09
8752.000, -824.000, 5.4534912109375E-09
8751.750, -824.250, 5.450439453125E-09
8751.500, -824.500, 5.450439453125E-09
8751.250, -824.750, 5.4534912109375E-09
8751.000, -825.000, 5.450439453125E-09
8750.750, -825.250, 5.4534912109375E-09
8750.500, -825.500, 5.450439453125E-09
8750.250, -825.750, 5.450439453125E-09
8750.000, -826.000, 5.4534912109375E-09
8749.750, -826.250, 5.4534912109375E-09
8749.500, -826.500, 5.450439453125E-09
8749.250, -826.750, 5.450439453125E-09
8749.000, -827.000, 5.4534912109375E-09
8748.750, -827.250, 5.450439453125E-09
8748.500, -827.500, 5.4473876953125E-09
8748.250, -827.750, 5.450439453125E-09
8748.000, -828.000, 5.4534912109375E-09
8747.750, -828.250, 5.4473876953125E-09
8747.500, -828.500, 5.4473876953125E-09
8747.250, -828.750, 5.450439453125E-09
8747.000, -829.000, 5.4534912109375E-09
8746.750, -829.250, 5.450439453125E-09
8746.500, -829.500, 5.450439453125E-09
8746.250, -829.750, 5.4534912109375E-09
8746.000, -830.000, 5.45654296875E-09
8745.750, -830.250, 5.450439453125E-09
8745.500, -830.500, 5.450439453125E-09
8745.250, -830.750, 5.45654296875E-09
8745.000, -831.000, 5.4534912109375E-09
8744.750, -831.250, 5.450439453125E-09
8744.500, -831.500, 5.45654296875E-09
8744.250, -831.750, 5.4534912109375E-09
8744.000, -832.000, 5.4595947265625E-09
8743.750, -832.250, 5.4595947265625E-09
8743.500, -832.500, 5.4595947265625E-09
8743.250, -832.750, 5.45654296875E-09
8743.000, -833.000, 5.4656982421875E-09
8742.750, -833.250, 5.462646484375E-09
8742.500, -833.500, 5.4595947265625E-09
8742.250, -833.750, 5.462646484375E-09
8742.000, -834.000, 5.462646484375E-09
8741.750, -834.250, 5.462646484375E-09
8741.500, -834.500, 5.462646484375E-09
8741.250, -834.750, 5.46875E-09
8741.000, -835.000, 5.4656982421875E-09
8740.750, -835.250, 5.4656982421875E-09
8740.500, -835.500, 5.46875E-09
8740.250, -835.750, 5.4656982421875E-09
8740.000, -836.000, 5.462646484375E-09
8739.750, -836.250, 5.4656982421875E-09
8739.500, -836.500, 5.46875E-09
8739.250, -836.750, 5.46875E-09
8739.000, -837.000, 5.4656982421875E-09
8738.750, -837.250, 5.4656982421875E-09
8738.500, -837.500, 5.46875E-09
8738.250, -837.750, 5.46875E-09
8738.000, -838.000, 5.4656982421875E-09
8737.750, -838.250, 5.46875E-09
8737.500, -838.500, 5.46875E-09
8737.250, -838.750, 5.46875E-09
8737.000, -839.000, 5.46875E-09
8736.750, -839.250, 5.4656982421875E-09
8736.500, -839.500, 5.46875E-09
8736.250, -839.750, 5.4656982421875E-09
8736.000, -840.000, 5.4656982421875E-09
8735.750, -840.250, 5.4656982421875E-09
8735.500, -840.500, 5.46875E-09
8735.250, -840.750, 5.46875E-09
8735.000, -841.000, 5.4656982421875E-09
8734.750, -841.250, 5.46875E-09
8734.500, -841.500, 5.4656982421875E-09
8734.250, -841.750, 5.4656982421875E-09
8734.000, -842.000, 5.46875E-09
8733.750, -842.250, 5.4718017578125E-09
8733.500, -842.500, 5.4656982421875E-09
8733.250, -842.750, 5.4656982421875E-09
8733.000, -843.000, 5.46875E-09
8732.750, -843.250, 5.46875E-09
8732.500, -843.500, 5.4656982421875E-09
8732.250, -843.750, 5.4656982421875E-09
8732.000, -844.000, 5.46875E-09
8731.750, -844.250, 5.46875E-09
8731.500, -844.500, 5.462646484375E-09
8731.250, -844.750, 5.4656982421875E-09
8731.000, -845.000, 5.46875E-09
8730.750, -845.250, 5.4656982421875E-09
8730.500, -845.500, 5.4656982421875E-09
8730.250, -845.750, 5.4656982421875E-09
8730.000, -846.000, 5.462646484375E-09
8729.750, -846.250, 5.4656982421875E-09
8729.500, -846.500, 5.46875E-09
8729.250, -846.750, 5.4718017578125E-09
8729.000, -847.000, 5.46875E-09
8728.750, -847.250, 5.4656982421875E-09
8728.500, -847.500, 5.46875E-09
8728.250, -847.750, 5.4656982421875E-09
8728.000, -848.000, 5.4656982421875E-09
8727.750, -848.250, 5.46875E-09
8727.500, -848.500, 5.4656982421875E-09
8727.250, -848.750, 5.4718017578125E-09
8727.000, -849.000, 5.4656982421875E-09
8726.750, -849.250, 5.4718017578125E-09
8726.500, -849.500, 5.46875E-09
8726.250, -849.750, 5.46875E-09
8726.000, -850.000, 5.46875E-09
8725.750, -850.250, 5.46875E-09
8725.500, -850.500, 5.4656982421875E-09
8725.250, -850.750, 5.46875E-09
8725.000, -851.000, 5.46875E-09
8724.750, -851.250, 5.4656982421875E-09
8724.500, -851.500, 5.4718017578125E-09
8724.250, -851.750, 5.46875E-09
8724.000, -852.000, 5.46875E-09
8723.750, -852.250, 5.46875E-09
8723.500, -852.500, 5.46875E-09
8723.250, -852.750, 5.4656982421875E-09
8723.000, -853.000, 5.46875E-09
8722.750, -853.250, 5.46875E-09
8722.500, -853.500, 5.4718017578125E-09
8722.250, -853.750, 5.46875E-09
8722.000, -854.000, 5.46875E-09
8721.750, -854.250, 5.4656982421875E-09
8721.500, -854.500, 5.462646484375E-09
8721.250, -854.750, 5.46875E-09
8721.000, -855.000, 5.4656982421875E-09
8720.750, -855.250, 5.4656982421875E-09
8720.500, -855.500, 5.462646484375E-09
8720.250, -855.750, 5.4656982421875E-09
8720.000, -856.000, 5.4656982421875E-09
8719.750, -856.250, 5.462646484375E-09
8719.500, -856.500, 5.4656982421875E-09
8719.250, -856.750, 5.4656982421875E-09
8719.000, -857.000, 5.462646484375E-09
8718.750, -857.250, 5.46875E-09
8718.500, -857.500, 5.4656982421875E-09
8718.250, -857.750, 5.4656982421875E-09
8718.000, -858.000, 5.46875E-09
8717.750, -858.250, 5.462646484375E-09
8717.500, -858.500, 5.4656982421875E-09
8717.250, -858.750, 5.462646484375E-09
8717.000, -859.000, 5.4656982421875E-09
8716.750, -859.250, 5.462646484375E-09
8716.500, -859.500, 5.46875E-09
8716.250, -859.750, 5.46875E-09
8716.000, -860.000, 5.4656982421875E-09
8715.750, -860.250, 5.46875E-09
8715.500, -860.500, 5.4656982421875E-09
8715.250, -860.750, 5.4656982421875E-09
8715.000, -861.000, 5.46875E-09
8714.750, -861.250, 5.462646484375E-09
8714.500, -861.500, 5.4718017578125E-09
8714.250, -861.750, 5.4656982421875E-09
8714.000, -862.000, 5.46875E-09
8713.750, -862.250, 5.4595947265625E-09
8713.500, -862.500, 5.462646484375E-09
8713.250, -862.750, 5.462646484375E-09
8713.000, -863.000, 5.462646484375E-09
8712.750, -863.250, 5.46875E-09
8712.500, -863.500, 5.4656982421875E-09
8712.250, -863.750, 5.46875E-09
8712.000, -864.000, 5.462646484375E-09
8711.750, -864.250, 5.4656982421875E-09
8711.500, -864.500, 5.462646484375E-09
8711.250, -864.750, 5.46875E-09
8711.000, -865.000, 5.4656982421875E-09
8710.750, -865.250, 5.46875E-09
8710.500, -865.500, 5.4656982421875E-09
8710.250, -865.750, 5.4656982421875E-09
8710.000, -866.000, 5.46875E-09
8709.750, -866.250, 5.46875E-09
8709.500, -866.500, 5.4656982421875E-09
8709.250, -866.750, 5.4718017578125E-09
8709.000, -867.000, 5.4656982421875E-09
8708.750, -867.250, 5.4718017578125E-09
8708.500, -867.500, 5.4718017578125E-09
8708.250, -867.750, 5.46875E-09
8708.000, -868.000, 5.46875E-09
8707.750, -868.250, 5.4718017578125E-09
8707.500, -868.500, 5.46875E-09
8707.250, -868.750, 5.4718017578125E-09
8707.000, -869.000, 5.4718017578125E-09
8706.750, -869.250, 5.46875E-09
8706.500, -869.500, 5.474853515625E-09
8706.250, -869.750, 5.4718017578125E-09
8706.000, -870.000, 5.474853515625E-09
8705.750, -870.250, 5.4779052734375E-09
8705.500, -870.500, 5.474853515625E-09
8705.250, -870.750, 5.4718017578125E-09
8705.000, -871.000, 5.474853515625E-09
8704.750, -871.250, 5.474853515625E-09
8704.500, -871.500, 5.474853515625E-09
8704.250, -871.750, 5.474853515625E-09
8704.000, -872.000, 5.474853515625E-09
8703.750, -872.250, 5.4718017578125E-09
8703.500, -872.500, 5.474853515625E-09
8703.250, -872.750, 5.4718017578125E-09
8703.000, -873.000, 5.474853515625E-09
8702.750, -873.250, 5.474853515625E-09
8702.500, -873.500, 5.4718017578125E-09
8702.250, -873.750, 5.4718017578125E-09
8702.000, -874.000, 5.474853515625E-09
8701.750, -874.250, 5.4718017578125E-09
8701.500, -874.500, 5.4718017578125E-09
8701.250, -874.750, 5.4718017578125E-09
8701.000, -875.000, 5.4718017578125E-09
8700.750, -875.250, 5.46875E-09
8700.500, -875.500, 5.4718017578125E-09
8700.250, -875.750, 5.46875E-09
8700.000, -876.000, 5.4718017578125E-09
8699.750, -876.250, 5.46875E-09
8699.500, -876.500, 5.4656982421875E-09
8699.250, -876.750, 5.4656982421875E-09
8699.000, -877.000, 5.46875E-09
8698.750, -877.250, 5.462646484375E-09
8698.500, -877.500, 5.4656982421875E-09
8698.250, -877.750, 5.462646484375E-09
8698.000, -878.000, 5.4656982421875E-09
8697.750, -878.250, 5.462646484375E-09
8697.500, -878.500, 5.462646484375E-09
8697.250, -878.750, 5.462646484375E-09
8697.000, -879.000, 5.4595947265625E-09
8696.750, -879.250, 5.4595947265625E-09
8696.500, -879.500, 5.462646484375E-09
8696.250, -879.750, 5.4595947265625E-09
8696.000, -880.000, 5.462646484375E-09
8695.750, -880.250, 5.4595947265625E-09
8695.500, -880.500, 5.462646484375E-09
8695.250, -880.750, 5.45654296875E-09
8695.000, -881.000, 5.45654296875E-09
8694.750, -881.250, 5.4595947265625E-09
8694.500, -881.500, 5.4595947265625E-09
8694.250, -881.750, 5.45654296875E-09
8694.000, -882.000, 5.45654296875E-09
8693.750, -882.250, 5.4534912109375E-09
8693.500, -882.500, 5.45654296875E-09
8693.250, -882.750, 5.45654296875E-09
8693.000, -883.000, 5.4534912109375E-09
8692.750, -883.250, 5.4534912109375E-09
8692.500, -883.500, 5.4534912109375E-09
8692.250, -883.750, 5.450439453125E-09
8692.000, -884.000, 5.4534912109375E-09
8691.750, -884.250, 5.4534912109375E-09
8691.500, -884.500, 5.4534912109375E-09
8691.250, -884.750, 5.4534912109375E-09
8691.000, -885.000, 5.4534912109375E-09
8690.750, -885.250, 5.450439453125E-09
8690.500, -885.500, 5.4473876953125E-09
8690.250, -885.750, 5.4534912109375E-09
8690.000, -886.000, 5.450439453125E-09
8689.750, -886.250, 5.4534912109375E-09
8689.500, -886.500, 5.450439453125E-09
8689.250, -886.750, 5.450439453125E-09
8689.000, -887.000, 5.450439453125E-09
8688.750, -887.250, 5.450439453125E-09
8688.500, -887.500, 5.4473876953125E-09
8688.250, -887.750, 5.4473876953125E-09
8688.000, -888.000, 5.4473876953125E-09
8687.750, -888.250, 5.450439453125E-09
8687.500, -888.500, 5.4473876953125E-09
8687.250, -888.750, 5.450439453125E-09
8687.000, -889.000, 5.450439453125E-09
8686.750, -889.250, 5.4534912109375E-09
8686.500, -889.500, 5.450439453125E-09
8686.250, -889.750, 5.4534912109375E-09
8686.000, -890.000, 5.450439453125E-09
8685.750, -890.250, 5.450439453125E-09
8685.500, -890.500, 5.450439453125E-09
8685.250, -890.750, 5.450439453125E-09
8685.000, -891.000, 5.450439453125E-09
8684.750, -891.250, 5.450439453125E-09
8684.500, -891.500, 5.4443359375E-09
8684.250, -891.750, 5.450439453125E-09
8684.000, -892.000, 5.4534912109375E-09
8683.750, -892.250, 5.4473876953125E-09
8683.500, -892.500, 5.4534912109375E-09
8683.250, -892.750, 5.450439453125E-09
8683.000, -893.000, 5.450439453125E-09
8682.750, -893.250, 5.4473876953125E-09
8682.500, -893.500, 5.450439453125E-09
8682.250, -893.750, 5.4473876953125E-09
8682.000, -894.000, 5.450439453125E-09
8681.750, -894.250, 5.450439453125E-09
8681.500, -894.500, 5.4473876953125E-09
8681.250, -894.750, 5.450439453125E-09
8681.000, -895.000, 5.450439453125E-09
8680.750, -895.250, 5.450439453125E-09
8680.500, -895.500, 5.450439453125E-09
8680.250, -895.750, 5.4473876953125E-09
8680.000, -896.000, 5.4534912109375E-09
8679.750, -896.250, 5.450439453125E-09
8679.500, -896.500, 5.450439453125E-09
8679.250, -896.750, 5.4534912109375E-09
8679.000, -897.000, 5.450439453125E-09
8678.750, -897.250, 5.450439453125E-09
8678.500, -897.500, 5.4534912109375E-09
8678.250, -897.750, 5.450439453125E-09
8678.000, -898.000, 5.450439453125E-09
8677.750, -898.250, 5.4534912109375E-09
8677.500, -898.500, 5.450439453125E-09
8677.250, -898.750, 5.45654296875E-09
8677.000, -899.000, 5.4534912109375E-09
8676.750, -899.250, 5.4534912109375E-09
8676.500, -899.500, 5.45654296875E-09
8676.250, -899.750, 5.450439453125E-09
8676.000, -900.000, 5.45654296875E-09
8675.750, -900.250, 5.4534912109375E-09
8675.500, -900.500, 5.4534912109375E-09
8675.250, -900.750, 5.45654296875E-09
8675.000, -901.000, 5.4534912109375E-09
8674.750, -901.250, 5.4595947265625E-09
8674.500, -901.500, 5.4534912109375E-09
8674.250, -901.750, 5.45654296875E-09
8674.000, -902.000, 5.45654296875E-09
8673.750, -902.250, 5.45654296875E-09
8673.500, -902.500, 5.4534912109375E-09
8673.250, -902.750, 5.4595947265625E-09
8673.000, -903.000, 5.45654296875E-09
8672.750, -903.250, 5.4595947265625E-09
8672.500, -903.500, 5.4595947265625E-09
8672.250, -903.750, 5.4595947265625E-09
8672.000, -904.000, 5.45654296875E-09
8671.750, -904.250, 5.45654296875E-09
8671.500, -904.500, 5.45654296875E-09
8671.250, -904.750, 5.462646484375E-09
8671.000, -905.000, 5.4595947265625E-09
8670.750, -905.250, 5.4595947265625E-09
8670.500, -905.500, 5.462646484375E-09
8670.250, -905.750, 5.45654296875E-09
8670.000, -906.000, 5.462646484375E-09
8669.750, -906.250, 5.4595947265625E-09
8669.500, -906.500, 5.462646484375E-09
8669.250, -906.750, 5.4595947265625E-09
8669.000, -907.000, 5.4595947265625E-09
8668.750, -907.250, 5.4656982421875E-09
8668.500, -907.500, 5.462646484375E-09
8668.250, -907.750, 5.4595947265625E-09
8668.000, -908.000, 5.4656982421875E-09
8667.750, -908.250, 5.4595947265625E-09
8667.500, -908.500, 5.4656982421875E-09
8667.250, -908.750, 5.462646484375E-09
8667.000, -909.000, 5.46875E-09
8666.750, -909.250, 5.462646484375E-09
8666.500, -909.500, 5.4656982421875E-09
8666.250, -909.750, 5.46875E-09
8666.000, -910.000, 5.45654296875E-09
8665.750, -910.250, 5.4656982421875E-09
8665.500, -910.500, 5.462646484375E-09
8665.250, -910.750, 5.46875E-09
8665.000, -911.000, 5.462646484375E-09
8664.750, -911.250, 5.46875E-09
8664.500, -911.500, 5.4656982421875E-09
8664.250, -911.750, 5.46875E-09
8664.000, -912.000, 5.4656982421875E-09
8663.750, -912.250, 5.462646484375E-09
8663.500, -912.500, 5.46875E-09
8663.250, -912.750, 5.46875E-09
8663.000, -913.000, 5.4656982421875E-09
8662.750, -913.250, 5.46875E-09
8662.500, -913.500, 5.46875E-09
8662.250, -913.750, 5.46875E-09
8662.000, -914.000, 5.4656982421875E-09
8661.750, -914.250, 5.4718017578125E-09
8661.500, -914.500, 5.4656982421875E-09
8661.250, -914.750, 5.46875E-09
8661.000, -915.000, 5.4656982421875E-09
8660.750, -915.250, 5.4718017578125E-09
8660.500, -915.500, 5.46875E-09
8660.250, -915.750, 5.46875E-09
8660.000, -916.000, 5.46875E-09
8659.750, -916.250, 5.4656982421875E-09
8659.500, -916.500, 5.46875E-09
8659.250, -916.750, 5.4656982421875E-09
8659.000, -917.000, 5.46875E-09
8658.750, -917.250, 5.4656982421875E-09
8658.500, -917.500, 5.4718017578125E-09
8658.250, -917.750, 5.4656982421875E-09
8658.000, -918.000, 5.46875E-09
8657.750, -918.250, 5.46875E-09
8657.500, -918.500, 5.46875E-09
8657.250, -918.750, 5.4718017578125E-09
8657.000, -919.000, 5.46875E-09
8656.750, -919.250, 5.46875E-09
8656.500, -919.500, 5.4656982421875E-09
8656.250, -919.750, 5.4718017578125E-09
8656.000, -920.000, 5.46875E-09
8655.750, -920.250, 5.4718017578125E-09
8655.500, -920.500, 5.4656982421875E-09
8655.250, -920.750, 5.4718017578125E-09
8655.000, -921.000, 5.46875E-09
8654.750, -921.250, 5.46875E-09
8654.500, -921.500, 5.4656982421875E-09
8654.250, -921.750, 5.46875E-09
8654.000, -922.000, 5.46875E-09
8653.750, -922.250, 5.4656982421875E-09
8653.500, -922.500, 5.46875E-09
8653.250, -922.750, 5.46875E-09
8653.000, -923.000, 5.4656982421875E-09
8652.750, -923.250, 5.4718017578125E-09
8652.500, -923.500, 5.4656982421875E-09
8652.250, -923.750, 5.46875E-09
8652.000, -924.000, 5.462646484375E-09
8651.750, -924.250, 5.462646484375E-09
8651.500, -924.500, 5.46875E-09
8651.250, -924.750, 5.4656982421875E-09
8651.000, -925.000, 5.462646484375E-09
8650.750, -925.250, 5.4656982421875E-09
8650.500, -925.500, 5.462646484375E-09
8650.250, -925.750, 5.46875E-09
8650.000, -926.000, 5.462646484375E-09
8649.750, -926.250, 5.4656982421875E-09
8649.500, -926.500, 5.462646484375E-09
8649.250, -926.750, 5.46875E-09
8649.000, -927.000, 5.462646484375E-09
8648.750, -927.250, 5.462646484375E-09
8648.500, -927.500, 5.4656982421875E-09
8648.250, -927.750, 5.4656982421875E-09
8648.000, -928.000, 5.462646484375E-09
8647.750, -928.250, 5.4656982421875E-09
8647.500, -928.500, 5.4595947265625E-09
8647.250, -928.750, 5.462646484375E-09
8647.000, -929.000, 5.4595947265625E-09
8646.750, -929.250, 5.462646484375E-09
8646.500, -929.500, 5.4595947265625E-09
8646.250, -929.750, 5.462646484375E-09
8646.000, -930.000, 5.4595947265625E-09
8645.750, -930.250, 5.462646484375E-09
8645.500, -930.500, 5.462646484375E-09
8645.250, -930.750, 5.462646484375E-09
8645.000, -931.000, 5.4656982421875E-09
8644.750, -931.250, 5.4595947265625E-09
8644.500, -931.500, 5.4656982421875E-09
8644.250, -931.750, 5.462646484375E-09
8644.000, -932.000, 5.462646484375E-09
8643.750, -932.250, 5.4656982421875E-09
8643.500, -932.500, 5.462646484375E-09
8643.250, -932.750, 5.462646484375E-09
8643.000, -933.000, 5.462646484375E-09
8642.750, -933.250, 5.46875E-09
8642.500, -933.500, 5.462646484375E-09
8642.250, -933.750, 5.46875E-09
8642.000, -934.000, 5.462646484375E-09
8641.750, -934.250, 5.4656982421875E-09
8641.500, -934.500, 5.462646484375E-09
8641.250, -934.750, 5.46875E-09
8641.000, -935.000, 5.46875E-09
8640.750, -935.250, 5.4656982421875E-09
8640.500, -935.500, 5.46875E-09
8640.250, -935.750, 5.4718017578125E-09
8640.000, -936.000, 5.4718017578125E-09
8639.750, -936.250, 5.46875E-09
8639.500, -936.500, 5.4718017578125E-09
8639.250, -936.750, 5.46875E-09
8639.000, -937.000, 5.474853515625E-09
8638.750, -937.250, 5.4718017578125E-09
8638.500, -937.500, 5.474853515625E-09
8638.250, -937.750, 5.4718017578125E-09
8638.000, -938.000, 5.4718017578125E-09
8637.750, -938.250, 5.474853515625E-09
8637.500, -938.500, 5.474853515625E-09
8637.250, -938.750, 5.50537109375E-09
8637.000, -939.000, 5.462646484375E-09
8636.750, -939.250, 5.474853515625E-09
8636.500, -939.500, 5.4718017578125E-09
8636.250, -939.750, 5.4779052734375E-09
8636.000, -940.000, 5.474853515625E-09
8635.750, -940.250, 5.4779052734375E-09
8635.500, -940.500, 5.4840087890625E-09
8635.250, -940.750, 5.48095703125E-09
8635.000, -941.000, 5.4779052734375E-09
8634.750, -941.250, 5.48095703125E-09
8634.500, -941.500, 5.48095703125E-09
8634.250, -941.750, 5.48095703125E-09
8634.000, -942.000, 5.4840087890625E-09
8633.750, -942.250, 5.48095703125E-09
8633.500, -942.500, 5.487060546875E-09
8633.250, -942.750, 5.4840087890625E-09
8633.000, -943.000, 5.4901123046875E-09
8632.750, -943.250, 5.4840087890625E-09
8632.500, -943.500, 5.487060546875E-09
8632.250, -943.750, 5.4840087890625E-09
8632.000, -944.000, 5.487060546875E-09
8631.750, -944.250, 5.487060546875E-09
8631.500, -944.500, 5.487060546875E-09
8631.250, -944.750, 5.487060546875E-09
8631.000, -945.000, 5.487060546875E-09
8630.750, -945.250, 5.4931640625E-09
8630.500, -945.500, 5.4931640625E-09
8630.250, -945.750, 5.4931640625E-09
8630.000, -946.000, 5.4901123046875E-09
8629.750, -946.250, 5.4962158203125E-09
8629.500, -946.500, 5.4931640625E-09
8629.250, -946.750, 5.4931640625E-09
8629.000, -947.000, 5.4962158203125E-09
8628.750, -947.250, 5.4931640625E-09
8628.500, -947.500, 5.499267578125E-09
8628.250, -947.750, 5.4962158203125E-09
8628.000, -948.000, 5.5023193359375E-09
8627.750, -948.250, 5.499267578125E-09
8627.500, -948.500, 5.5023193359375E-09
8627.250, -948.750, 5.4962158203125E-09
8627.000, -949.000, 5.5023193359375E-09
8626.750, -949.250, 5.5023193359375E-09
8626.500, -949.500, 5.5023193359375E-09
8626.250, -949.750, 5.50537109375E-09
8626.000, -950.000, 5.50537109375E-09
8625.750, -950.250, 5.5023193359375E-09
8625.500, -950.500, 5.5084228515625E-09
8625.250, -950.750, 5.50537109375E-09
8625.000, -951.000, 5.5084228515625E-09
8624.750, -951.250, 5.50537109375E-09
8624.500, -951.500, 5.511474609375E-09
8624.250, -951.750, 5.5084228515625E-09
8624.000, -952.000, 5.511474609375E-09
8623.750, -952.250, 5.5084228515625E-09
8623.500, -952.500, 5.511474609375E-09
8623.250, -952.750, 5.5145263671875E-09
8623.000, -953.000, 5.511474609375E-09
8622.750, -953.250, 5.5145263671875E-09
8622.500, -953.500, 5.5145263671875E-09
8622.250, -953.750, 5.517578125E-09
8622.000, -954.000, 5.517578125E-09
8621.750, -954.250, 5.517578125E-09
8621.500, -954.500, 5.517578125E-09
8621.250, -954.750, 5.5206298828125E-09
8621.000, -955.000, 5.517578125E-09
8620.750, -955.250, 5.517578125E-09
8620.500, -955.500, 5.523681640625E-09
8620.250, -955.750, 5.523681640625E-09
8620.000, -956.000, 5.5206298828125E-09
8619.750, -956.250, 5.5267333984375E-09
8619.500, -956.500, 5.523681640625E-09
8619.250, -956.750, 5.52978515625E-09
8619.000, -957.000, 5.52978515625E-09
8618.750, -957.250, 5.52978515625E-09
8618.500, -957.500, 5.52978515625E-09
8618.250, -957.750, 5.5267333984375E-09
8618.000, -958.000, 5.5328369140625E-09
8617.750, -958.250, 5.5328369140625E-09
8617.500, -958.500, 5.5328369140625E-09
8617.250, -958.750, 5.5328369140625E-09
8617.000, -959.000, 5.535888671875E-09
8616.750, -959.250, 5.5328369140625E-09
8616.500, -959.500, 5.535888671875E-09
8616.250, -959.750, 5.535888671875E-09
8616.000, -960.000, 5.535888671875E-09
8615.750, -960.250, 5.535888671875E-09
8615.500, -960.500, 5.5389404296875E-09
8615.250, -960.750, 5.5389404296875E-09
8615.000, -961.000, 5.5389404296875E-09
8614.750, -961.250, 5.5419921875E-09
8614.500, -961.500, 5.5419921875E-09
8614.250, -961.750, 5.548095703125E-09
8614.000, -962.000, 5.5419921875E-09
8613.750, -962.250, 5.548095703125E-09
8613.500, -962.500, 5.5450439453125E-09
8613.250, -962.750, 5.5511474609375E-09
8613.000, -963.000, 5.548095703125E-09
8612.750, -963.250, 5.5511474609375E-09
8612.500, -963.500, 5.548095703125E-09
8612.250, -963.750, 5.548095703125E-09
8612.000, -964.000, 5.55419921875E-09
8611.750, -964.250, 5.55419921875E-09
8611.500, -964.500, 5.5511474609375E-09
8611.250, -964.750, 5.55419921875E-09
8611.000, -965.000, 5.55419921875E-09
8610.750, -965.250, 5.560302734375E-09
8610.500, -965.500, 5.55419921875E-09
8610.250, -965.750, 5.560302734375E-09
8610.000, -966.000, 5.5572509765625E-09
8609.750, -966.250, 5.5633544921875E-09
8609.500, -966.500, 5.5633544921875E-09
8609.250, -966.750, 5.560302734375E-09
8609.000, -967.000, 5.5633544921875E-09
8608.750, -967.250, 5.5694580078125E-09
8608.500, -967.500, 5.56640625E-09
8608.250, -967.750, 5.56640625E-09
8608.000, -968.000, 5.56640625E-09
8607.750, -968.250, 5.5694580078125E-09
8607.500, -968.500, 5.5694580078125E-09
8607.250, -968.750, 5.572509765625E-09
8607.000, -969.000, 5.572509765625E-09
8606.750, -969.250, 5.5694580078125E-09
8606.500, -969.500, 5.5755615234375E-09
8606.250, -969.750, 5.57861328125E-09
8606.000, -970.000, 5.5755615234375E-09
8605.750, -970.250, 5.572509765625E-09
8605.500, -970.500, 5.57861328125E-09
8605.250, -970.750, 5.57861328125E-09
8605.000, -971.000, 5.584716796875E-09
8604.750, -971.250, 5.57861328125E-09
8604.500, -971.500, 5.5816650390625E-09
8604.250, -971.750, 5.584716796875E-09
8604.000, -972.000, 5.5877685546875E-09
8603.750, -972.250, 5.584716796875E-09
8603.500, -972.500, 5.5908203125E-09
8603.250, -972.750, 5.5877685546875E-09
8603.000, -973.000, 5.5938720703125E-09
8602.750, -973.250, 5.5908203125E-09
8602.500, -973.500, 5.596923828125E-09
8602.250, -973.750, 5.5938720703125E-09
8602.000, -974.000, 5.5999755859375E-09
8601.750, -974.250, 5.5999755859375E-09
8601.500, -974.500, 5.5999755859375E-09
8601.250, -974.750, 5.6060791015625E-09
8601.000, -975.000, 5.60302734375E-09
8600.750, -975.250, 5.609130859375E-09
8600.500, -975.500, 5.609130859375E-09
8600.250, -975.750, 5.6121826171875E-09
8600.000, -976.000, 5.615234375E-09
8599.750, -976.250, 5.615234375E-09
8599.500, -976.500, 5.6182861328125E-09
8599.250, -976.750, 5.621337890625E-09
8599.000, -977.000, 5.62744140625E-09
8598.750, -977.250, 5.6304931640625E-09
8598.500, -977.500, 5.6304931640625E-09
8598.250, -977.750, 5.6365966796875E-09
8598.000, -978.000, 5.633544921875E-09
8597.750, -978.250, 5.6365966796875E-09
8597.500, -978.500, 5.645751953125E-09
8597.250, -978.750, 5.6427001953125E-09
8597.000, -979.000, 5.6488037109375E-09
8596.750, -979.250, 5.6549072265625E-09
8596.500, -979.500, 5.6549072265625E-09
8596.250, -979.750, 5.6610107421875E-09
8596.000, -980.000, 5.6610107421875E-09
8595.750, -980.250, 5.6671142578125E-09
8595.500, -980.500, 5.670166015625E-09
8595.250, -980.750, 5.6732177734375E-09
8595.000, -981.000, 5.67626953125E-09
8594.750, -981.250, 5.6854248046875E-09
8594.500, -981.500, 5.682373046875E-09
8594.250, -981.750, 5.6884765625E-09
8594.000, -982.000, 5.694580078125E-09
8593.750, -982.250, 5.7037353515625E-09
8593.500, -982.500, 5.70068359375E-09
8593.250, -982.750, 5.706787109375E-09
8593.000, -983.000, 5.712890625E-09
8592.750, -983.250, 5.712890625E-09
8592.500, -983.500, 5.7220458984375E-09
8592.250, -983.750, 5.7220458984375E-09
8592.000, -984.000, 5.7281494140625E-09
8591.750, -984.250, 5.7373046875E-09
8591.500, -984.500, 5.731201171875E-09
8591.250, -984.750, 5.7464599609375E-09
8591.000, -985.000, 5.74951171875E-09
8590.750, -985.250, 5.7525634765625E-09
8590.500, -985.500, 5.7647705078125E-09
8590.250, -985.750, 5.7708740234375E-09
8590.000, -986.000, 5.7708740234375E-09
8589.750, -986.250, 5.780029296875E-09
8589.500, -986.500, 5.7891845703125E-09
8589.250, -986.750, 5.79833984375E-09
8589.000, -987.000, 5.8013916015625E-09
8588.750, -987.250, 5.804443359375E-09
8588.500, -987.500, 5.8135986328125E-09
8588.250, -987.750, 5.8197021484375E-09
8588.000, -988.000, 5.828857421875E-09
8587.750, -988.250, 5.8380126953125E-09
8587.500, -988.500, 5.8441162109375E-09
8587.250, -988.750, 5.853271484375E-09
8587.000, -989.000, 5.859375E-09
8586.750, -989.250, 5.87158203125E-09
8586.500, -989.500, 5.877685546875E-09
8586.250, -989.750, 5.8837890625E-09
8586.000, -990.000, 5.8990478515625E-09
8585.750, -990.250, 5.9051513671875E-09
8585.500, -990.500, 5.92041015625E-09
8585.250, -990.750, 5.9234619140625E-09
8585.000, -991.000, 5.938720703125E-09
8584.750, -991.250, 5.94482421875E-09
8584.500, -991.500, 5.95703125E-09
8584.250, -991.750, 5.975341796875E-09
8584.000, -992.000, 5.9814453125E-09
8583.750, -992.250, 5.99365234375E-09
8583.500, -992.500, 6.0028076171875E-09
8583.250, -992.750, 6.0211181640625E-09
8583.000, -993.000, 6.0302734375E-09
8582.750, -993.250, 6.0455322265625E-09
8582.500, -993.500, 6.0577392578125E-09
8582.250, -993.750, 6.072998046875E-09
8582.000, -994.000, 6.085205078125E-09
8581.750, -994.250, 6.1004638671875E-09
8581.500, -994.500, 6.1126708984375E-09
8581.250, -994.750, 6.14013671875E-09
8581.000, -995.000, 6.1492919921875E-09
8580.750, -995.250, 6.170654296875E-09
8580.500, -995.500, 6.18896484375E-09
8580.250, -995.750, 6.2103271484375E-09
8580.000, -996.000, 6.2286376953125E-09
8579.750, -996.250, 6.2530517578125E-09
8579.500, -996.500, 6.2774658203125E-09
8579.250, -996.750, 6.3018798828125E-09
8579.000, -997.000, 6.3201904296875E-09
8578.750, -997.250, 6.353759765625E-09
8578.500, -997.500, 6.3751220703125E-09
8578.250, -997.750, 6.4056396484375E-09
8578.000, -998.000, 6.43310546875E-09
8577.750, -998.250, 6.463623046875E-09
8577.500, -998.500, 6.500244140625E-09
8577.250, -998.750, 6.5399169921875E-09
8577.000, -999.000, 6.5704345703125E-09
8576.750, -999.250, 6.6192626953125E-09
8576.500, -999.500, 6.6558837890625E-09
8576.250, -999.750, 6.70166015625E-09
8576.000, -1000.000, 6.75048828125E-09
8575.750, -1000.250, 6.8023681640625E-09
8575.500, -1000.500, 6.8603515625E-09
8575.250, -1000.750, 6.9122314453125E-09
8575.000, -1001.000, 6.9793701171875E-09
8574.750, -1001.250, 7.04345703125E-09
8574.500, -1001.500, 7.11669921875E-09
8574.250, -1001.750, 7.196044921875E-09
8574.000, -1002.000, 7.2845458984375E-09
8573.750, -1002.250, 7.3699951171875E-09
8573.500, -1002.500, 7.4737548828125E-09
8573.250, -1002.750, 7.574462890625E-09
8573.000, -1003.000, 7.696533203125E-09
8572.750, -1003.250, 7.8216552734375E-09
8572.500, -1003.500, 7.9620361328125E-09
8572.250, -1003.750, 8.123779296875E-09
8572.000, -1004.000, 8.2763671875E-09
8571.750, -1004.250, 8.3587646484375E-09
8571.500, -1004.500, 8.404541015625E-09
8571.250, -1004.750, 8.4320068359375E-09
8571.000, -1005.000, 8.4716796875E-09
8570.750, -1005.250, 8.489990234375E-09
8570.500, -1005.500, 8.5174560546875E-09
8570.250, -1005.750, 8.53271484375E-09
8570.000, -1006.000, 8.551025390625E-09
8569.750, -1006.250, 8.5601806640625E-09
8569.500, -1006.500, 8.58154296875E-09
8569.250, -1006.750, 8.59375E-09
8569.000, -1007.000, 8.6029052734375E-09
8568.750, -1007.250, 8.6212158203125E-09
8568.500, -1007.500, 8.63037109375E-09
8568.250, -1007.750, 8.6456298828125E-09
8568.000, -1008.000, 8.65478515625E-09
8567.750, -1008.250, 8.6639404296875E-09
8567.500, -1008.500, 8.6761474609375E-09
8567.250, -1008.750, 8.69140625E-09
8567.000, -1009.000, 8.7005615234375E-09
8566.750, -1009.250, 8.709716796875E-09
8566.500, -1009.500, 8.7188720703125E-09
8566.250, -1009.750, 8.734130859375E-09
8566.000, -1010.000, 8.740234375E-09
8565.750, -1010.250, 8.7554931640625E-09
8565.500, -1010.500, 8.7615966796875E-09
8565.250, -1010.750, 8.7738037109375E-09
8565.000, -1011.000, 8.7860107421875E-09
8564.750, -1011.250, 8.7890625E-09
8564.500, -1011.500, 8.795166015625E-09
8564.250, -1011.750, 8.8104248046875E-09
8564.000, -1012.000, 8.8165283203125E-09
8563.750, -1012.250, 8.8287353515625E-09
8563.500, -1012.500, 8.8348388671875E-09
8563.250, -1012.750, 8.8409423828125E-09
8563.000, -1013.000, 8.8531494140625E-09
8562.750, -1013.250, 8.8653564453125E-09
8562.500, -1013.500, 8.868408203125E-09
8562.250, -1013.750, 8.8775634765625E-09
8562.000, -1014.000, 8.88671875E-09
8561.750, -1014.250, 8.8897705078125E-09
8561.500, -1014.500, 8.9019775390625E-09
8561.250, -1014.750, 8.9080810546875E-09
8561.000, -1015.000, 8.9141845703125E-09
8560.750, -1015.250, 8.9263916015625E-09
8560.500, -1015.500, 8.935546875E-09
8560.250, -1015.750, 8.941650390625E-09
8560.000, -1016.000, 8.9508056640625E-09
8559.750, -1016.250, 8.953857421875E-09
8559.500, -1016.500, 8.966064453125E-09
8559.250, -1016.750, 8.978271484375E-09
8559.000, -1017.000, 8.9813232421875E-09
8558.750, -1017.250, 8.9874267578125E-09
8558.500, -1017.500, 8.9996337890625E-09
8558.250, -1017.750, 9.002685546875E-09
8558.000, -1018.000, 9.014892578125E-09
8557.750, -1018.250, 9.0179443359375E-09
8557.500, -1018.500, 9.0301513671875E-09
8557.250, -1018.750, 9.0301513671875E-09
8557.000, -1019.000, 9.0423583984375E-09
8556.750, -1019.250, 9.051513671875E-09
8556.500, -1019.500, 9.0545654296875E-09
8556.250, -1019.750, 9.0667724609375E-09
8556.000, -1020.000, 9.0728759765625E-09
8555.750, -1020.250, 9.075927734375E-09
8555.500, -1020.500, 9.08203125E-09
8555.250, -1020.750, 9.088134765625E-09
8555.000, -1021.000, 9.09423828125E-09
8554.750, -1021.250, 9.1064453125E-09
8554.500, -1021.500, 9.1064453125E-09
8554.250, -1021.750, 9.11865234375E-09
8554.000, -1022.000, 9.124755859375E-09
8553.750, -1022.250, 9.1278076171875E-09
8553.500, -1022.500, 9.1400146484375E-09
8553.250, -1022.750, 9.1461181640625E-09
8553.000, -1023.000, 9.1461181640625E-09
